temperature,relative_humidity,wind_speed,apparent_temperature,activity_level,exposure_duration,cooling_access,age_group,risk_score,risk_class
37.2,17.0,11.1,35.2,1,2,2,3,56.2,1
18.9,32.5,18.7,16.9,1,1,2,2,11.4,0
24.6,62.1,28.7,22.6,1,3,2,2,35.8,0
28.1,22.4,5.2,26.1,3,2,3,2,60.8,1
34.1,92.8,14.5,43.6,2,3,2,3,79.6,2
19.4,33.2,11.5,17.4,1,1,1,2,5.0,0
37.1,44.2,14.2,39.5,1,1,3,2,56.5,1
39.9,28.1,14.5,39.9,3,2,2,2,72.5,2
43.3,77.1,9.6,55.3,1,1,1,2,76.9,2
27.4,67.4,15.1,28.6,3,1,1,2,38.3,1
34.8,36.0,21.3,33.2,3,1,1,3,52.3,1
19.4,23.8,22.7,17.4,2,1,1,2,11.9,0
47.9,57.3,34.0,58.2,3,1,2,2,98.4,3
37.2,23.9,16.3,35.2,2,3,3,2,69.5,2
33.0,29.3,32.1,31.0,3,1,2,2,53.8,1
34.2,77.3,19.5,40.1,1,1,1,3,53.3,1
44.4,81.5,12.1,56.4,1,3,3,1,94.2,3
40.8,76.3,6.2,52.8,2,2,1,3,86.7,3
30.7,31.9,19.8,28.7,2,1,1,3,35.7,0
33.5,24.7,9.4,31.9,1,2,1,2,33.8,0
20.1,65.5,9.6,19.3,3,3,1,2,34.5,0
22.0,89.8,20.8,21.8,2,2,3,1,33.3,0
20.9,49.5,16.0,18.9,2,2,2,3,34.7,0
28.2,83.9,10.2,32.8,1,1,2,2,40.1,1
25.5,88.9,16.6,27.8,3,2,1,3,53.0,1
45.8,82.9,7.5,57.8,2,1,2,1,81.0,3
29.4,93.8,10.8,35.9,2,1,2,3,60.4,1
39.6,27.4,11.8,39.8,3,2,2,2,73.1,2
19.7,61.7,18.6,17.7,3,1,3,1,30.8,0
38.3,33.8,6.0,40.6,3,1,2,2,71.8,2
30.6,61.7,19.3,31.8,3,1,2,2,49.9,1
27.0,40.3,26.8,25.0,1,1,3,3,38.9,1
20.2,32.1,10.8,18.2,3,3,3,2,50.0,1
39.1,63.9,34.6,43.1,2,1,3,2,76.1,2
37.9,90.1,6.4,49.9,1,1,2,2,66.3,2
24.1,65.7,10.7,24.5,2,3,3,1,43.3,1
30.7,37.1,2.1,31.7,2,2,1,2,41.2,1
18.3,21.0,31.1,16.3,3,2,3,2,37.1,1
22.4,25.2,12.2,20.4,3,2,3,3,50.8,1
21.1,77.4,31.2,19.1,2,2,1,3,27.8,0
43.9,93.1,28.8,55.9,3,1,2,2,100.0,3
43.9,79.9,10.8,55.9,2,1,3,3,98.3,3
24.7,80.3,17.2,25.6,1,2,1,1,20.5,0
43.9,92.4,11.2,55.9,2,1,3,2,97.3,3
46.2,24.2,34.0,44.2,1,3,1,1,55.5,1
27.4,63.5,18.9,27.3,1,2,1,2,29.4,0
18.1,89.0,19.8,16.3,2,2,2,2,26.3,0
27.9,40.1,30.0,25.9,2,1,1,2,28.8,0
30.1,38.7,6.2,30.3,2,3,2,3,57.6,1
34.4,15.0,11.5,32.4,2,2,2,2,50.5,1
31.3,32.1,17.6,29.3,3,2,1,1,38.8,1
28.1,80.5,26.8,29.0,2,1,1,1,27.5,0
25.3,53.0,30.0,23.3,1,1,2,1,15.6,0
25.3,67.5,2.2,28.0,2,2,1,2,34.2,0
23.3,91.6,19.1,24.2,1,1,3,2,31.3,0
47.6,62.6,33.4,59.6,3,2,2,2,100.0,3
42.9,58.8,31.6,49.4,2,1,1,2,66.8,2
33.6,65.1,11.1,38.6,1,1,1,2,38.8,1
34.2,26.1,9.6,32.9,2,2,1,2,43.3,1
24.2,48.6,31.9,22.2,2,2,3,2,39.9,1
29.4,15.5,13.6,27.4,2,3,3,2,55.9,1
36.1,32.6,9.2,36.7,2,1,1,2,43.5,1
30.1,28.2,17.4,28.1,1,2,1,2,28.6,0
37.3,25.9,17.2,35.4,1,1,1,2,36.1,1
40.8,45.3,26.8,43.0,3,1,1,1,50.6,1
28.5,67.0,27.8,27.7,2,2,3,1,42.8,1
18.6,27.2,6.2,16.6,2,2,1,2,16.6,0
36.2,74.8,5.8,45.8,3,3,1,1,76.5,2
27.4,69.2,33.6,25.4,1,2,1,2,23.5,0
41.2,83.0,21.8,53.2,1,3,2,2,86.5,3
30.9,44.6,18.7,29.8,1,3,3,1,50.7,1
42.9,71.6,16.4,54.9,2,3,1,3,95.6,3
34.1,53.7,16.4,36.4,2,1,3,3,69.5,2
25.3,52.2,22.1,23.3,1,1,3,1,26.2,0
24.4,78.8,13.2,25.8,3,2,1,1,37.0,1
39.6,54.1,27.0,43.2,2,2,2,2,71.0,2
20.8,32.7,24.8,18.8,1,2,2,2,15.7,0
27.9,71.2,10.9,30.6,1,1,1,1,24.5,0
34.1,76.0,8.1,41.9,1,1,2,3,58.0,1
21.0,30.5,9.5,19.0,1,1,2,2,13.5,0
47.2,59.3,25.0,59.2,1,3,2,3,100.0,3
31.2,29.7,3.7,30.9,3,1,3,2,57.0,1
20.2,65.4,3.8,20.6,1,2,1,3,23.8,0
36.2,78.3,9.4,45.8,2,1,2,3,77.9,2
47.7,39.4,22.5,53.6,2,2,3,2,98.0,3
22.7,28.9,4.5,20.7,1,1,2,2,20.4,0
24.9,71.6,25.2,23.4,2,2,3,2,40.1,1
46.0,49.0,20.0,54.3,2,3,3,1,96.7,3
23.0,39.6,26.7,21.0,2,1,1,2,16.5,0
33.0,54.5,4.7,37.1,1,1,1,2,33.7,0
20.7,92.0,29.6,18.7,2,3,3,2,40.2,1
40.7,52.6,23.5,45.4,3,1,2,2,78.0,2
32.8,22.3,13.5,30.799999999999997,1,2,3,2,47.3,1
46.4,80.1,20.2,58.4,2,1,1,3,88.8,3
30.1,56.2,34.6,28.1,2,2,2,1,36.5,1
36.8,75.8,8.7,46.6,2,3,2,2,86.7,3
21.6,92.9,22.1,21.2,1,1,2,2,24.3,0
45.4,51.9,5.9,56.9,3,1,2,2,100.0,3
26.2,81.8,34.3,24.7,1,2,1,3,22.9,0
43.9,37.1,28.1,45.5,2,3,2,3,86.2,3
26.5,38.9,21.4,24.5,3,1,1,2,30.9,0
34.3,51.4,12.6,37.0,1,2,2,2,54.8,1
41.3,18.5,26.6,39.3,2,3,1,2,66.4,2
32.9,18.0,18.6,30.9,2,3,3,2,55.9,1
33.8,51.6,25.8,33.7,2,2,1,2,49.5,1
38.8,67.0,30.1,44.2,3,3,1,2,79.7,2
39.6,75.8,30.8,47.6,1,1,2,3,74.4,2
31.0,22.9,22.9,29.0,3,1,2,3,52.7,1
19.4,78.7,11.7,19.0,1,1,2,2,14.2,0
20.4,84.7,22.5,18.7,1,3,1,2,16.8,0
25.6,35.4,2.3,25.0,3,3,2,1,45.5,1
35.6,66.1,16.0,41.1,1,3,1,2,59.4,1
32.5,34.0,20.9,30.5,2,3,1,3,51.4,1
35.0,69.9,26.6,38.7,1,2,2,3,58.6,1
26.6,78.9,22.0,27.4,1,2,2,2,34.3,0
43.2,65.3,31.8,51.7,2,1,2,2,77.1,2
40.0,22.2,11.7,39.1,2,1,1,2,54.0,1
45.4,81.4,10.5,57.4,3,1,3,2,100.0,3
28.2,24.2,33.8,26.2,1,3,3,2,52.2,1
42.1,44.3,28.1,44.6,1,2,2,2,65.1,2
38.2,61.8,29.1,42.1,3,1,1,1,61.8,2
45.5,32.7,4.1,51.3,3,3,1,2,90.8,3
22.2,90.7,12.0,23.9,2,1,3,1,29.1,0
40.3,90.7,15.8,52.3,2,1,2,1,77.8,2
32.7,47.6,33.4,30.700000000000003,1,1,2,3,40.6,1
38.6,58.6,34.3,41.1,1,1,1,1,40.7,1
43.4,51.4,23.9,49.7,2,2,1,2,76.1,2
34.9,20.5,27.3,32.9,1,1,3,2,47.1,1
22.4,87.0,2.1,25.7,3,1,1,2,36.5,1
18.8,16.2,28.1,16.8,1,1,1,1,5.0,0
40.3,57.1,26.6,45.2,2,2,2,1,63.9,2
19.3,77.7,30.6,17.3,2,1,3,1,20.6,0
32.4,47.1,24.6,31.1,2,3,1,1,42.9,1
26.3,65.6,20.1,25.8,1,3,2,2,37.5,1
36.2,22.9,25.2,34.2,3,2,2,2,63.8,2
24.9,42.1,17.0,22.9,2,1,2,2,31.5,0
29.2,27.2,32.5,27.2,1,3,1,1,28.2,0
34.7,61.9,20.5,38.0,1,1,1,2,36.4,1
40.5,84.4,25.8,52.5,3,2,1,2,89.9,3
24.7,23.7,29.9,22.7,1,2,2,3,35.0,0
43.4,93.0,29.0,55.4,2,2,1,3,92.3,3
23.4,71.2,12.2,23.8,1,1,3,2,27.7,0
30.0,26.3,22.9,28.0,1,2,1,2,27.7,0
39.6,77.1,20.7,49.9,1,1,1,2,64.4,2
38.2,36.8,23.8,37.7,2,1,1,2,50.5,1
26.5,69.3,18.1,26.9,2,1,1,2,30.8,0
18.2,39.1,9.0,16.2,1,1,1,1,5.0,0
29.4,71.3,18.5,31.4,3,3,1,3,60.6,1
19.3,16.5,32.4,17.3,3,2,2,2,31.7,0
18.6,41.0,28.4,16.6,2,3,3,1,32.1,0
43.3,34.5,21.4,45.1,2,1,1,2,61.0,2
33.3,24.1,18.8,31.299999999999997,3,1,2,3,58.3,1
42.5,33.9,6.8,46.6,1,2,2,2,71.4,2
32.8,75.4,27.1,35.9,2,3,2,2,68.1,2
36.7,84.1,22.7,45.4,1,1,2,2,61.2,2
33.2,39.8,16.9,32.6,1,3,1,3,49.1,1
43.7,64.2,18.7,55.0,2,2,2,3,93.3,3
37.6,40.7,17.7,38.8,1,1,1,3,48.9,1
28.3,72.1,18.7,29.8,1,1,2,2,31.8,0
29.2,37.6,15.5,27.2,1,2,2,2,34.4,0
20.0,22.6,24.4,18.0,1,2,2,3,24.6,0
35.5,26.3,13.5,33.9,3,2,1,2,54.0,1
46.1,39.8,14.4,52.6,2,3,2,3,99.0,3
33.8,66.7,16.0,38.2,1,1,1,2,37.6,1
46.4,53.9,9.5,58.4,1,1,3,1,87.3,3
44.5,18.0,13.1,43.5,2,1,1,1,49.2,1
42.9,76.7,28.7,54.9,1,1,2,2,78.6,2
26.5,74.9,16.8,27.8,2,1,3,2,47.3,1
43.1,44.4,33.3,45.3,3,1,1,2,63.7,2
42.5,79.1,6.6,54.5,1,2,3,2,89.6,3
21.1,82.7,30.1,19.1,1,2,1,3,19.6,0
46.4,32.8,16.9,50.2,1,1,1,2,65.1,2
25.1,94.6,14.4,28.2,1,3,3,2,49.7,1
26.6,81.4,25.0,27.1,1,2,2,1,28.1,0
20.4,35.5,29.6,18.4,2,2,2,1,21.2,0
19.4,48.6,28.2,17.4,2,1,3,2,28.0,0
18.5,56.2,10.0,16.5,1,1,2,2,6.1,0
20.6,93.0,4.2,23.2,2,2,3,2,44.2,1
29.7,52.6,23.0,28.4,3,1,1,2,37.4,1
36.8,76.7,26.3,43.3,1,1,2,3,65.9,2
23.3,77.3,17.3,23.2,2,2,3,1,37.8,1
26.8,18.5,8.6,24.8,1,3,2,3,38.5,1
34.3,35.3,26.9,32.3,1,1,2,3,42.1,1
29.0,86.2,26.5,31.2,3,1,3,2,59.9,1
32.9,88.9,19.1,39.8,3,2,1,2,67.6,2
27.6,21.4,23.8,25.6,1,2,2,2,28.9,0
28.5,18.4,30.7,26.5,1,3,1,3,38.2,1
37.1,44.1,28.4,36.7,2,3,1,2,58.3,1
41.4,17.8,4.2,41.2,2,1,1,2,51.8,1
46.5,44.8,27.2,52.4,2,2,1,2,78.6,2
25.5,24.1,26.3,23.5,2,1,2,2,29.7,0
47.9,37.8,32.2,51.4,2,1,3,2,89.8,3
45.0,50.6,4.9,56.0,2,3,1,2,96.3,3
44.7,83.1,25.5,56.7,3,2,2,2,100.0,3
21.6,31.1,6.6,19.6,2,1,2,2,23.9,0
36.4,21.9,12.2,34.4,3,2,2,2,60.5,1
42.7,20.9,34.1,40.7,2,1,2,2,64.0,2
37.2,29.6,33.9,35.2,2,3,1,1,47.9,1
22.6,28.2,12.6,20.6,2,1,3,3,37.8,1
37.1,59.1,6.1,44.2,1,2,2,1,58.6,1
46.2,27.3,23.7,46.7,2,2,3,2,84.9,3
19.4,66.3,21.0,17.4,2,2,2,2,24.4,0
32.9,65.2,11.6,37.4,3,1,3,2,69.6,2
19.8,50.2,18.0,17.8,1,2,1,2,11.6,0
40.0,83.9,34.2,49.7,1,1,2,2,67.1,2
25.4,22.7,11.6,23.4,1,2,1,3,26.1,0
22.8,41.2,21.1,20.8,1,2,2,2,20.9,0
18.7,90.6,18.7,17.5,3,1,1,1,15.1,0
32.8,85.6,23.6,38.2,2,2,3,2,72.3,2
40.9,44.3,15.2,45.2,2,1,2,1,61.2,2
33.1,76.2,11.2,39.6,3,2,1,3,67.4,2
28.2,90.1,26.9,30.3,1,2,2,1,37.9,1
22.1,41.6,17.6,20.1,2,2,2,2,28.7,0
47.7,74.1,11.9,59.7,1,3,2,2,98.1,3
27.0,80.3,14.2,29.7,2,3,2,2,52.5,1
18.8,53.0,33.9,16.8,2,2,2,2,20.1,0
35.5,28.6,22.8,33.5,2,3,1,2,58.9,1
21.3,16.5,12.4,19.3,1,2,2,2,21.5,0
45.6,84.8,26.3,57.6,1,1,1,2,74.7,2
27.4,28.9,32.1,25.4,1,1,2,2,22.7,0
37.3,70.5,22.1,43.8,1,1,2,2,60.5,1
26.7,31.6,25.3,24.7,1,1,3,2,30.7,0
26.2,24.7,24.3,24.2,1,3,3,3,47.9,1
26.6,72.1,13.4,28.3,2,1,2,2,36.6,1
34.2,89.6,25.0,41.2,1,2,2,2,58.3,1
37.1,19.2,15.6,35.1,2,1,2,1,43.1,1
34.5,89.3,15.4,43.6,3,3,2,1,83.2,3
37.4,87.6,5.0,49.4,2,2,2,3,87.0,3
45.4,29.0,31.1,44.7,1,3,3,2,73.2,2
46.9,89.1,30.9,58.9,1,2,1,3,89.8,3
26.5,94.1,19.9,29.3,2,3,3,2,59.8,1
22.9,51.7,10.5,21.6,1,2,2,2,25.6,0
40.7,29.0,30.3,38.7,3,3,2,1,71.5,2
22.2,40.9,10.2,20.2,1,1,2,3,19.6,0
27.1,72.8,2.4,31.2,2,2,1,1,36.9,1
33.1,86.6,25.2,38.6,1,1,3,2,58.5,1
36.4,32.5,6.4,37.6,1,2,2,2,50.6,1
34.1,68.1,9.2,40.3,1,2,3,1,59.3,1
31.4,71.3,4.6,37.3,2,1,2,2,53.5,1
27.8,56.6,5.8,29.6,1,2,1,2,31.3,0
42.3,51.3,18.9,48.7,2,1,2,3,79.8,2
42.5,74.7,21.1,54.5,1,1,1,3,73.2,2
46.0,20.5,32.8,44.0,1,1,2,2,62.4,2
30.6,94.4,14.6,37.4,3,3,1,2,67.4,2
37.9,58.1,23.6,41.9,1,1,2,2,54.8,1
18.1,16.8,11.8,16.1,2,2,2,3,25.8,0
25.4,42.7,11.1,23.8,3,2,1,3,38.7,1
44.5,16.3,8.8,43.8,1,1,2,2,60.5,1
19.5,74.2,15.3,18.1,1,1,3,1,12.1,0
42.5,73.5,12.5,54.5,2,2,1,2,84.6,3
22.3,67.8,9.3,22.5,1,1,3,3,35.1,0
30.8,54.6,34.1,28.8,3,2,2,2,51.6,1
30.5,26.9,14.4,28.5,2,1,3,2,44.7,1
45.4,60.0,33.9,54.1,2,1,1,2,73.6,2
37.4,88.8,30.0,46.3,1,2,1,2,60.4,1
44.2,30.1,27.1,44.0,2,2,2,3,74.8,2
28.0,91.6,2.5,34.9,3,3,1,3,66.6,2
36.1,31.4,32.2,34.1,2,2,1,2,48.2,1
28.8,35.9,18.9,26.8,2,1,3,2,45.8,1
29.1,48.1,20.6,27.5,1,1,1,3,22.4,0
35.4,48.4,7.0,39.2,1,1,3,2,55.0,1
25.7,80.7,33.9,23.9,2,1,1,2,20.5,0
23.1,72.6,18.1,22.3,3,2,2,1,41.5,1
46.4,68.5,27.2,58.4,2,3,1,2,98.7,3
18.3,55.5,14.3,16.3,2,2,2,2,22.7,0
34.5,15.9,19.5,32.5,1,3,1,3,48.1,1
38.2,79.5,32.0,45.5,1,1,1,1,45.0,1
26.0,46.8,14.3,24.4,2,2,3,2,43.8,1
38.5,82.8,23.6,48.4,3,2,1,2,80.9,2
18.3,28.7,18.5,16.3,2,2,2,3,27.7,0
20.9,57.3,3.4,20.9,1,3,3,2,37.2,1
45.8,86.9,20.6,57.8,1,3,1,3,93.9,3
35.6,75.2,25.5,41.0,1,1,1,2,47.7,1
44.9,41.5,26.9,48.7,1,3,2,2,77.1,2
47.2,19.3,16.4,46.8,3,1,2,3,81.4,3
18.9,36.9,34.8,16.9,2,1,3,2,27.6,0
38.4,67.9,4.8,48.6,2,2,2,1,78.3,2
37.0,74.2,12.5,45.9,1,1,1,2,58.5,1
26.1,25.6,8.2,24.1,2,2,2,1,31.3,0
35.9,41.0,14.7,37.0,1,1,1,3,45.1,1
45.2,93.3,20.9,57.2,1,1,1,2,74.7,2
31.0,48.7,18.0,30.7,1,1,1,2,27.9,0
35.8,30.6,5.5,36.6,1,3,1,2,51.2,1
28.0,80.2,30.4,28.1,3,1,1,3,42.1,1
24.0,40.1,33.8,22.0,3,1,2,2,33.5,0
29.3,80.3,15.0,33.1,1,2,2,2,44.3,1
38.5,59.0,33.4,41.2,2,2,2,2,66.1,2
41.9,47.7,18.5,47.1,2,1,2,2,68.1,2
41.7,20.9,34.7,39.7,2,1,2,3,62.9,2
41.7,43.8,31.6,43.2,2,2,1,2,61.4,2
37.7,43.4,23.4,38.4,1,3,2,2,60.8,1
30.9,15.8,10.5,28.9,2,2,2,2,39.1,1
31.4,46.3,27.5,29.4,2,2,1,1,36.6,1
46.9,24.3,33.0,44.9,1,1,2,2,62.0,2
32.5,53.1,16.5,33.8,2,1,1,3,50.1,1
37.4,69.2,7.4,46.5,3,1,1,1,70.5,2
34.8,91.7,9.7,45.7,2,1,2,2,73.3,2
23.9,62.4,14.8,23.1,2,1,2,3,34.8,0
19.9,23.1,30.8,17.9,1,1,2,2,13.8,0
37.2,62.8,22.2,42.0,2,1,3,2,67.9,2
42.4,71.5,11.8,54.4,2,1,1,1,73.0,2
38.8,55.9,15.8,44.4,1,1,1,2,54.0,1
38.8,66.6,35.0,43.1,2,1,1,2,57.4,1
28.8,15.8,6.5,26.8,3,3,2,2,56.1,1
38.5,48.3,29.7,39.5,2,1,1,2,51.2,1
34.1,28.5,17.1,32.1,2,2,2,1,48.3,1
21.4,77.0,29.2,19.4,1,3,1,2,12.3,0
21.1,81.4,26.8,19.1,1,3,2,2,23.8,0
42.5,50.1,34.8,45.6,2,1,3,2,74.4,2
37.0,28.3,6.6,37.6,1,1,1,2,43.5,1
26.4,58.1,12.7,26.5,2,1,1,3,37.1,1
20.9,92.0,27.9,19.0,3,3,3,1,43.5,1
44.0,35.0,25.5,45.5,3,2,2,2,81.8,3
30.4,51.2,22.9,29.3,3,1,2,2,47.4,1
46.1,44.5,33.4,50.4,1,1,2,2,70.0,2
37.9,43.7,4.1,42.6,2,1,2,2,61.5,2
26.1,81.3,13.1,28.6,2,2,2,2,44.8,1
21.0,77.7,17.2,20.0,1,3,2,1,21.9,0
46.7,31.2,24.7,48.6,1,2,1,3,70.5,2
25.5,44.7,31.8,23.5,1,1,1,2,18.5,0
25.0,67.4,25.2,23.1,1,1,1,2,14.0,0
38.9,80.4,34.6,46.5,2,1,1,2,64.0,2
39.9,23.2,12.3,39.1,3,1,2,2,71.3,2
22.3,57.4,2.3,22.9,2,1,2,2,34.7,0
22.5,47.9,24.7,20.5,3,1,1,2,23.4,0
46.9,40.2,6.6,55.6,1,1,2,2,78.4,2
36.2,77.3,24.8,42.6,3,2,1,2,67.1,2
26.9,19.4,31.6,24.9,3,1,1,2,33.2,0
35.8,57.3,34.3,36.2,3,3,1,3,68.6,2
38.5,76.0,33.5,45.0,2,1,1,2,60.6,1
19.2,19.8,28.0,17.2,2,2,2,2,24.3,0
34.1,64.3,11.2,39.2,1,2,1,3,53.2,1
34.1,46.3,22.9,33.8,3,2,1,2,54.8,1
19.7,21.9,16.3,17.7,2,2,1,2,13.7,0
40.2,24.6,25.4,38.2,2,1,3,2,64.2,2
23.0,25.2,27.8,21.0,1,3,2,1,20.5,0
42.2,36.8,4.1,47.4,2,2,1,2,70.0,2
35.0,44.4,10.4,37.2,1,2,2,2,54.8,1
33.3,18.5,30.5,31.299999999999997,1,1,1,1,28.4,0
34.6,88.1,26.4,41.4,2,1,2,2,60.1,1
26.1,21.2,14.3,24.1,2,3,1,3,47.1,1
20.1,52.2,11.3,18.1,3,1,2,1,22.5,0
24.0,60.1,12.0,23.6,2,1,2,2,30.3,0
45.0,75.8,10.1,57.0,1,1,1,2,73.6,2
43.2,85.2,33.4,55.2,1,2,3,2,94.4,3
25.1,54.4,4.0,26.0,3,2,1,3,48.3,1
44.9,56.6,25.1,53.7,1,3,1,1,79.4,2
20.2,60.4,16.4,18.2,3,1,1,2,24.8,0
42.0,71.1,26.3,52.0,1,1,1,2,66.8,2
22.7,28.1,17.4,20.7,2,2,3,2,34.6,0
27.2,36.2,6.0,26.3,1,2,3,2,44.5,1
27.8,22.3,10.2,25.8,1,2,2,2,33.2,0
47.7,17.5,15.3,47.0,2,2,1,2,71.7,2
18.4,81.4,34.4,16.4,1,3,1,2,12.8,0
37.3,61.6,10.5,44.2,3,1,1,3,71.9,2
45.2,81.3,12.9,57.2,1,1,1,2,76.0,2
42.7,46.6,3.0,51.1,2,1,1,1,66.6,2
19.0,64.5,10.1,17.7,1,1,2,1,11.6,0
26.4,26.0,8.6,24.4,3,2,2,3,52.6,1
41.5,43.7,20.0,45.1,2,3,2,2,73.5,2
23.4,40.5,9.2,21.4,3,2,1,3,33.9,0
48.0,92.9,5.3,60.0,2,1,3,3,100.0,3
19.7,94.7,9.2,21.1,3,2,1,3,38.5,1
35.8,79.5,25.0,42.3,3,1,2,3,75.5,2
34.9,60.0,8.2,40.3,3,3,2,2,79.1,2
25.0,32.5,19.4,23.0,1,3,1,1,21.1,0
39.5,88.5,29.9,50.6,1,1,2,3,76.4,2
43.8,91.8,14.3,55.8,3,1,1,2,84.3,3
22.1,27.6,33.3,20.1,2,3,2,1,34.6,0
45.9,78.0,9.4,57.9,2,1,1,2,84.1,3
21.8,73.3,33.3,19.8,3,1,3,3,46.6,1
45.6,92.4,9.3,57.6,2,3,1,2,97.0,3
25.1,93.6,7.5,29.5,3,1,2,2,50.8,1
26.0,35.0,4.2,25.1,1,1,1,2,16.0,0
40.0,92.5,31.2,52.0,2,1,2,1,71.2,2
37.5,70.0,7.4,46.9,1,3,1,2,69.7,2
46.5,20.9,7.6,48.1,1,2,2,3,80.0,2
36.4,53.6,3.0,42.5,3,1,3,1,76.0,2
21.0,31.4,8.3,19.0,2,2,2,2,27.4,0
19.5,60.7,29.7,17.5,1,1,2,2,12.9,0
37.9,63.0,8.6,45.9,1,1,1,1,51.4,1
29.9,54.1,23.8,28.8,1,2,1,3,33.7,0
29.1,50.7,10.7,29.7,2,1,1,1,29.1,0
20.6,42.5,19.9,18.6,3,2,2,3,36.4,1
42.6,48.5,19.7,48.3,3,1,3,2,94.3,3
39.4,55.2,31.7,42.2,3,2,2,1,75.1,2
40.7,28.8,34.5,38.7,3,3,1,2,72.9,2
47.9,65.2,29.5,59.9,1,3,3,1,100.0,3
29.6,46.8,12.8,29.5,1,1,3,2,37.5,1
30.6,48.2,6.9,32.2,2,2,3,3,61.4,2
34.9,23.1,11.4,32.9,2,1,2,2,43.4,1
19.1,37.0,6.7,17.1,2,2,1,3,22.7,0
27.9,34.0,26.6,25.9,3,3,1,3,51.6,1
32.7,70.7,5.2,39.2,3,1,3,2,75.1,2
42.8,36.6,15.8,46.0,2,1,1,3,68.2,2
44.0,80.7,19.0,56.0,1,1,2,1,71.2,2
43.5,85.3,3.0,55.5,1,3,3,2,93.1,3
39.1,36.9,29.2,37.9,2,2,1,1,51.3,1
29.2,62.5,7.9,32.0,3,2,1,1,50.5,1
38.7,37.8,14.8,40.4,1,2,3,3,67.8,2
37.4,69.2,10.9,45.9,2,1,2,2,75.7,2
37.4,63.1,2.3,46.3,1,3,1,3,73.2,2
37.3,48.9,14.4,40.8,1,1,2,2,54.2,1
21.1,55.9,23.9,19.1,3,1,2,2,27.7,0
27.0,23.6,4.1,25.0,3,2,3,2,52.3,1
27.0,27.0,27.3,25.0,3,3,3,2,54.5,1
37.8,69.5,25.8,43.8,2,3,1,2,70.9,2
39.2,60.8,8.3,47.7,2,1,2,2,73.9,2
45.2,68.7,18.7,57.2,3,3,3,1,100.0,3
25.8,79.7,27.2,25.2,1,2,1,1,19.7,0
28.7,74.5,12.1,32.0,2,1,1,2,39.9,1
44.0,61.7,33.2,52.0,1,3,2,3,87.9,3
29.5,38.9,3.8,30.0,3,1,1,2,37.7,1
31.7,40.3,25.6,29.7,2,1,2,1,33.8,0
37.0,15.4,11.0,35.0,2,1,2,2,50.7,1
36.4,65.7,15.3,42.5,3,1,1,1,59.0,1
29.2,16.1,12.6,27.2,3,1,2,2,44.6,1
28.3,25.3,14.7,26.3,2,1,3,2,45.8,1
26.7,73.2,21.7,26.9,1,3,3,2,48.9,1
23.7,90.8,32.3,22.2,2,1,2,1,21.2,0
40.0,62.2,7.6,49.6,1,2,1,3,72.8,2
19.5,94.6,23.8,17.9,2,1,2,2,22.9,0
29.4,58.8,17.7,29.9,1,2,2,2,37.5,1
26.1,63.5,6.5,27.9,3,1,2,1,37.7,1
21.4,23.5,8.6,19.4,1,1,2,2,13.9,0
19.2,54.7,8.9,17.5,3,1,1,2,18.1,0
45.2,81.8,24.1,57.2,1,1,2,2,84.1,3
24.9,94.1,11.8,28.4,2,1,1,1,27.9,0
26.7,79.1,12.3,29.4,2,1,2,1,37.7,1
23.1,43.6,16.4,21.1,2,3,1,3,32.6,0
23.5,47.1,33.8,21.5,1,1,3,2,22.7,0
21.4,70.7,3.9,22.6,3,1,2,2,32.7,0
42.1,69.3,8.0,54.1,1,1,1,2,73.5,2
21.9,88.6,5.7,24.5,2,1,1,2,19.0,0
39.1,69.2,27.3,45.8,2,2,3,2,81.4,3
39.0,22.6,23.8,37.0,1,1,2,2,48.8,1
43.2,59.7,34.6,49.6,1,2,1,3,75.9,2
20.2,54.3,9.9,18.5,3,1,1,2,17.9,0
30.1,33.8,17.2,28.1,3,1,3,2,55.3,1
37.6,23.2,15.6,35.6,2,1,1,2,46.7,1
36.6,39.4,18.8,36.9,1,2,3,2,60.7,1
31.6,59.8,22.5,32.4,2,2,2,1,47.5,1
40.8,32.7,13.3,42.5,3,3,1,2,76.9,2
22.9,26.2,25.7,20.9,2,1,2,1,19.5,0
45.9,46.4,17.1,53.9,2,2,1,2,87.9,3
35.7,76.8,16.9,43.2,2,3,1,2,68.2,2
33.9,18.9,32.9,31.9,3,1,2,3,59.5,1
39.9,25.3,14.8,39.1,2,3,2,2,72.9,2
47.4,88.3,27.2,59.4,1,3,3,2,100.0,3
39.0,74.9,11.9,49.9,2,3,2,3,96.3,3
37.0,31.1,22.6,35.0,1,1,2,3,43.9,1
33.1,70.5,12.6,38.4,1,1,2,2,43.6,1
38.0,48.4,26.7,39.3,3,1,3,3,77.8,2
22.4,68.6,8.6,22.8,2,1,1,2,21.6,0
43.2,70.2,11.7,55.2,2,1,3,1,91.7,3
43.9,74.4,20.5,55.9,1,2,2,2,83.2,3
37.9,89.1,14.8,49.9,3,3,1,2,92.3,3
36.6,77.5,30.7,42.3,3,3,2,2,83.9,3
40.7,58.7,21.9,47.2,2,3,1,1,71.9,2
23.2,56.1,14.4,21.6,2,2,1,2,24.0,0
25.7,41.4,25.4,23.7,1,1,1,1,13.4,0
37.9,54.2,20.9,41.6,1,2,1,2,52.1,1
23.5,20.5,18.7,21.5,2,2,1,2,25.8,0
28.8,32.5,26.8,26.8,2,3,3,3,62.0,2
18.3,68.5,16.7,16.3,3,2,2,3,35.0,0
45.5,90.6,14.7,57.5,2,1,3,3,100.0,3
29.2,79.2,16.7,32.5,1,3,1,2,44.5,1
46.7,58.0,2.2,58.7,1,2,2,3,95.8,3
30.7,23.3,19.7,28.7,2,3,2,2,55.1,1
22.6,51.7,12.9,20.8,1,1,2,2,15.5,0
35.2,33.2,10.5,35.4,1,2,2,1,42.9,1
37.2,64.5,26.9,41.4,2,2,1,3,63.4,2
21.2,78.0,11.9,21.3,1,2,2,2,22.4,0
34.0,25.9,14.9,32.0,2,2,3,1,50.8,1
38.3,88.1,28.2,48.3,2,1,3,2,80.3,2
18.2,62.7,19.7,16.2,3,1,2,3,29.3,0
28.3,48.0,23.3,26.3,2,1,1,3,33.5,0
42.0,83.2,30.1,54.0,3,3,2,2,100.0,3
26.7,20.4,5.2,24.7,2,1,1,1,19.4,0
36.6,87.0,12.5,47.7,2,2,1,2,71.5,2
35.0,44.2,12.4,36.8,2,1,1,2,46.7,1
43.2,25.7,26.2,41.5,3,1,1,2,60.6,1
34.6,29.1,22.0,32.6,3,3,1,2,58.8,1
20.3,21.0,2.6,18.3,2,1,2,2,25.7,0
35.7,87.5,20.2,44.6,2,3,2,2,78.7,2
41.2,73.7,11.6,53.2,2,2,1,2,83.7,3
37.9,82.8,28.6,46.3,2,1,2,2,73.6,2
37.8,92.4,26.3,48.6,2,1,1,2,73.6,2
19.9,44.6,3.4,18.7,1,3,1,2,17.5,0
47.4,40.9,25.2,53.1,2,3,3,2,100.0,3
34.3,28.9,23.6,32.3,1,2,3,2,46.9,1
33.5,43.2,30.6,31.5,2,1,2,2,48.1,1
22.2,28.2,4.5,20.2,2,1,1,2,16.7,0
24.9,79.9,25.8,24.2,2,1,1,1,17.9,0
43.0,16.8,3.4,43.1,2,1,2,1,59.4,1
25.7,29.4,33.6,23.7,2,2,1,2,28.9,0
37.9,37.7,4.8,41.1,2,3,3,1,77.2,2
41.8,80.6,8.0,53.8,2,1,2,2,81.5,3
31.6,62.2,9.6,35.2,1,1,1,3,38.4,1
22.5,22.7,17.7,20.5,2,1,2,2,24.4,0
21.5,53.6,6.3,20.8,2,3,3,2,42.2,1
29.1,18.5,19.5,27.1,1,3,2,2,37.9,1
35.7,74.3,27.1,40.7,2,1,1,2,54.4,1
26.5,85.1,15.5,29.2,1,2,2,2,43.1,1
21.5,15.6,23.6,19.5,2,1,1,1,9.6,0
43.6,48.9,14.1,51.2,1,2,2,2,76.2,2
41.5,53.6,14.2,48.8,2,1,1,2,67.3,2
43.6,67.7,26.7,54.2,2,2,1,2,80.2,2
30.0,42.1,20.2,28.0,2,2,1,3,43.1,1
22.4,89.1,16.4,23.2,1,1,1,1,9.4,0
29.5,93.8,22.3,33.9,2,2,2,3,61.1,2
31.2,31.1,23.7,29.2,3,1,1,2,37.9,1
33.5,33.5,7.6,33.7,1,1,1,1,32.6,0
28.6,46.6,21.3,26.6,2,2,1,1,29.4,0
26.5,81.4,32.2,25.5,1,3,1,2,32.5,0
35.2,35.9,15.4,34.9,1,1,1,3,45.8,1
42.1,91.5,30.9,54.1,3,2,2,3,100.0,3
40.7,91.9,17.1,52.7,2,2,1,1,74.8,2
20.0,65.7,34.8,18.0,2,1,1,3,17.7,0
43.0,34.9,5.1,47.9,2,3,1,3,83.8,3
32.3,43.3,31.5,30.299999999999997,1,3,2,3,49.5,1
40.1,84.8,8.8,52.1,1,1,2,1,68.4,2
21.2,88.6,24.3,19.8,2,2,2,2,32.0,0
36.6,54.4,34.5,36.9,3,3,2,3,79.8,2
45.5,37.4,9.3,51.8,2,1,2,2,78.0,2
29.8,69.9,7.8,33.9,3,2,2,2,61.9,2
18.4,31.9,21.2,16.4,1,2,1,2,8.3,0
36.4,44.3,18.5,37.6,1,2,1,3,54.1,1
26.4,29.4,6.3,24.5,2,1,1,2,24.9,0
29.4,26.7,33.7,27.4,1,3,1,2,36.6,1
47.9,83.0,19.1,59.9,2,2,1,2,92.1,3
38.7,19.8,28.9,36.7,2,2,2,2,58.6,1
28.8,59.8,32.8,26.8,1,1,1,3,27.5,0
35.3,66.9,7.8,42.4,2,1,2,2,63.5,2
40.1,86.2,14.6,52.1,1,2,1,1,68.2,2
36.9,60.7,30.0,39.5,1,1,1,2,41.6,1
26.7,36.4,23.3,24.7,1,1,3,2,25.5,0
30.4,29.7,2.8,30.1,2,2,3,2,51.4,1
20.4,28.4,5.4,18.4,1,3,2,1,16.3,0
20.5,36.0,7.1,18.5,2,3,1,2,28.5,0
26.5,65.1,6.3,28.7,3,1,2,3,51.0,1
47.2,58.2,11.0,59.2,2,3,2,1,100.0,3
35.9,65.5,23.0,40.2,2,2,2,2,64.2,2
42.1,50.3,14.1,49.0,1,1,1,3,68.4,2
43.4,42.5,17.5,48.3,1,3,3,2,88.2,3
26.8,33.5,2.2,26.3,1,1,2,2,27.1,0
22.9,74.0,14.9,22.8,1,1,2,2,21.1,0
42.2,69.8,11.4,54.2,2,3,2,3,96.7,3
23.5,38.2,23.0,21.5,2,1,2,1,22.1,0
34.0,29.9,5.4,34.2,1,2,2,2,47.3,1
22.5,54.5,13.3,20.8,1,2,3,2,30.6,0
43.3,91.1,3.8,55.3,2,1,2,1,80.0,2
43.2,80.4,29.3,55.2,1,2,1,2,74.1,2
19.0,51.9,27.4,17.0,2,3,2,2,31.6,0
27.4,40.8,22.8,25.4,1,3,2,2,36.2,1
44.6,84.1,9.2,56.6,1,2,1,1,74.2,2
26.3,24.6,28.0,24.3,1,1,2,2,21.4,0
20.7,27.6,5.0,18.7,2,3,3,2,38.9,1
19.8,66.6,25.1,17.8,2,1,1,3,18.6,0
42.2,50.1,8.4,50.2,2,1,1,3,71.9,2
32.6,50.0,11.7,34.4,2,1,1,2,42.3,1
42.9,88.2,20.3,54.9,1,1,1,2,69.4,2
29.0,15.1,23.1,27.0,1,1,1,3,26.5,0
39.6,67.7,19.8,47.8,1,2,2,2,69.8,2
36.4,40.8,23.1,36.1,1,2,1,3,52.1,1
24.1,53.8,5.3,24.4,2,3,2,2,47.2,1
39.0,35.5,14.1,40.4,2,1,3,2,62.1,2
20.4,79.1,4.0,21.9,2,3,2,2,39.3,1
39.3,80.9,10.8,51.3,1,1,1,3,71.0,2
39.8,57.5,8.3,48.0,2,1,2,1,68.7,2
40.5,48.2,5.5,47.4,2,1,2,2,74.0,2
23.4,47.1,13.1,21.4,1,3,2,2,29.1,0
27.5,94.3,12.7,32.4,1,2,2,2,41.4,1
24.4,76.3,32.6,22.4,1,3,2,2,29.9,0
39.8,93.6,21.7,51.8,2,3,1,2,86.7,3
18.7,80.8,24.8,16.7,1,2,2,3,25.5,0
22.6,18.0,13.7,20.6,1,1,2,2,17.1,0
30.0,88.4,26.2,33.2,2,2,1,3,50.3,1
38.7,61.1,32.0,42.3,2,1,2,2,64.5,2
41.1,42.8,29.0,42.5,2,3,3,2,83.5,3
37.6,63.2,2.4,46.6,2,1,1,1,58.1,1
33.1,32.7,3.7,33.8,2,1,2,2,48.1,1
33.1,32.8,11.6,32.3,1,1,1,2,33.1,0
20.6,55.1,27.5,18.6,1,1,2,2,13.8,0
37.6,30.7,22.3,35.8,2,1,1,2,42.5,1
20.7,68.7,16.0,19.1,1,1,2,1,14.1,0
27.1,94.0,22.3,29.9,3,1,1,1,38.1,1
29.2,75.6,30.1,29.4,1,1,3,3,43.0,1
44.1,80.6,2.5,56.1,2,1,2,1,84.4,3
24.1,56.9,10.5,23.7,2,2,1,2,32.3,0
18.6,61.6,23.9,16.6,1,1,1,2,5.0,0
37.6,15.7,14.8,35.6,1,3,2,3,60.1,1
18.6,84.4,23.4,16.6,1,1,3,1,9.5,0
33.9,29.9,18.5,31.9,2,3,1,2,54.6,1
33.9,41.7,15.0,34.2,1,1,1,2,34.8,0
33.0,80.0,22.7,37.8,3,3,3,1,84.5,3
34.6,37.4,7.0,36.0,3,2,1,2,62.7,2
36.8,33.2,9.9,37.6,1,3,3,2,65.4,2
34.3,31.5,6.6,34.6,2,3,3,2,68.0,2
22.1,94.7,34.2,20.1,1,3,3,2,31.9,0
34.7,90.9,5.9,46.1,1,3,2,2,76.5,2
30.3,50.4,32.8,28.3,3,3,1,2,49.8,1
21.2,29.8,27.2,19.2,2,1,2,2,22.6,0
28.8,70.1,17.7,30.5,2,2,2,2,52.3,1
43.6,54.3,6.5,54.2,1,1,2,1,71.8,2
40.3,94.1,27.0,52.3,1,3,3,3,100.0,3
32.7,41.0,17.1,32.0,1,1,1,2,28.6,0
36.3,74.4,21.6,42.9,2,3,2,2,78.3,2
31.5,81.2,3.4,39.2,3,2,1,2,62.3,2
36.9,18.9,11.6,34.9,1,1,3,2,48.4,1
30.7,64.1,3.8,35.3,2,1,3,2,57.9,1
41.4,90.0,25.0,53.4,1,1,2,1,69.5,2
35.7,72.0,8.7,43.8,2,1,2,3,72.6,2
21.7,24.1,16.8,19.7,1,2,1,2,10.2,0
33.3,91.0,14.5,41.8,1,2,3,2,67.1,2
44.1,29.3,25.5,43.9,2,1,2,2,65.4,2
36.8,24.4,6.3,36.6,1,2,1,2,46.4,1
18.2,85.6,9.8,18.2,2,1,2,1,12.9,0
36.0,34.6,20.1,34.8,2,2,3,1,60.4,1
19.1,83.3,24.0,17.1,3,1,3,1,31.3,0
30.5,29.3,24.2,28.5,2,2,2,2,46.1,1
35.4,89.5,5.1,47.3,1,1,1,1,55.2,1
30.8,59.0,11.7,33.1,1,2,1,2,34.4,0
36.4,23.7,26.1,34.4,2,3,2,2,60.9,1
46.0,93.9,11.5,58.0,2,1,2,3,96.2,3
34.9,56.6,22.9,36.9,2,1,2,2,55.1,1
47.4,15.1,2.8,48.2,2,1,3,2,83.9,3
28.0,59.8,23.0,27.0,1,1,1,2,21.2,0
27.2,55.5,12.7,27.3,1,2,1,2,27.3,0
23.3,41.4,13.2,21.3,2,3,2,2,37.5,1
32.4,65.2,31.4,32.7,2,1,2,2,46.2,1
27.0,73.0,12.4,29.2,2,1,2,2,35.4,0
44.6,43.3,34.0,47.3,1,1,3,2,73.5,2
29.7,62.6,30.5,28.4,2,2,1,1,30.0,0
30.4,54.8,9.8,32.3,2,3,1,2,54.1,1
41.3,88.1,16.6,53.3,1,1,2,1,73.4,2
45.7,73.6,19.3,57.7,2,1,3,3,100.0,3
22.0,73.0,17.2,21.0,2,2,1,3,28.0,0
38.6,62.5,4.9,47.7,2,1,2,2,72.2,2
27.4,86.4,12.6,31.3,1,1,1,2,32.0,0
21.5,26.9,11.0,19.5,1,2,2,2,19.4,0
22.2,71.3,11.3,22.3,1,1,2,2,21.5,0
31.3,25.4,17.5,29.3,2,1,1,2,34.8,0
35.8,81.9,25.1,42.7,2,1,3,2,74.5,2
38.1,57.7,34.1,40.1,2,1,1,3,60.2,1
31.7,69.8,25.4,33.5,2,1,1,3,44.5,1
36.5,88.0,14.9,47.3,2,2,2,3,83.1,3
32.3,43.1,17.2,31.8,1,2,2,1,38.0,1
21.1,80.4,28.3,19.1,1,2,2,2,17.9,0
36.6,58.8,34.1,37.8,1,1,3,2,56.1,1
41.5,49.8,28.0,45.1,2,1,2,1,66.7,2
32.6,62.4,17.3,35.3,2,3,1,3,59.8,1
20.1,23.7,28.9,18.1,2,1,2,2,24.1,0
44.6,87.3,23.0,56.6,1,1,1,2,77.0,2
29.7,61.2,8.5,32.4,2,1,2,3,48.9,1
31.0,93.6,13.4,38.2,1,1,3,2,61.0,2
21.8,38.5,14.2,19.8,2,1,2,3,25.1,0
44.0,33.8,25.2,45.2,1,1,1,2,57.8,1
34.4,68.0,17.7,39.1,1,1,3,3,66.9,2
38.1,25.7,4.4,38.9,1,2,2,2,62.7,2
47.7,21.8,23.2,47.1,2,1,2,2,71.0,2
33.3,59.2,16.9,36.0,1,1,2,2,45.1,1
43.4,33.9,18.6,45.6,2,2,1,3,70.1,2
21.4,53.5,24.8,19.4,1,2,3,3,30.9,0
41.4,52.2,4.6,50.1,3,1,2,2,86.8,3
37.0,78.8,12.3,46.9,1,1,2,2,63.8,2
33.4,52.5,26.2,33.2,2,3,2,2,64.9,2
40.5,73.2,20.6,50.7,1,1,1,1,60.1,1
47.7,79.7,22.6,59.7,1,1,2,3,91.8,3
26.4,83.6,2.5,31.4,1,1,2,1,32.4,0
31.4,79.6,10.6,37.4,2,1,2,3,59.3,1
22.4,89.7,7.1,25.0,2,3,2,2,45.5,1
31.2,66.0,9.0,35.3,2,1,2,2,52.3,1
30.0,39.1,26.6,28.0,2,2,1,2,38.0,1
32.2,26.6,30.7,30.200000000000003,1,3,2,2,49.6,1
19.2,88.4,23.0,17.2,3,1,3,3,37.7,1
28.0,36.4,5.2,27.5,2,1,2,2,36.8,1
23.8,42.0,24.8,21.8,1,2,2,3,26.5,0
18.4,22.8,5.4,16.4,2,1,1,1,6.2,0
46.2,67.5,29.6,58.2,3,2,2,1,100.0,3
43.7,25.4,23.7,42.6,3,2,3,3,89.6,3
32.0,89.9,23.1,37.6,3,1,2,3,66.5,2
41.1,40.9,7.3,46.2,1,2,1,2,67.6,2
25.9,50.2,18.2,23.9,3,2,1,2,39.9,1
22.3,76.5,9.2,23.3,2,3,2,1,39.5,1
25.5,50.7,31.6,23.5,1,2,3,2,36.3,1
26.0,71.0,31.9,24.0,2,2,3,2,39.4,1
41.4,77.8,19.8,53.4,1,3,3,2,96.6,3
35.0,89.8,13.8,44.9,2,1,2,3,76.0,2
46.8,21.4,17.2,46.8,2,2,1,1,67.5,2
29.5,30.3,25.0,27.5,3,2,1,1,36.4,1
22.2,30.4,25.8,20.2,2,1,1,2,13.9,0
27.2,57.7,29.5,25.2,2,3,1,1,33.1,0
21.5,79.6,24.0,19.6,2,2,3,1,30.2,0
35.4,89.0,3.2,47.4,1,2,2,3,79.6,2
21.9,28.8,3.6,19.9,1,2,2,1,17.5,0
35.7,80.4,5.5,46.1,2,2,1,3,70.5,2
47.5,69.3,12.7,59.5,3,2,1,3,100.0,3
41.8,76.1,21.6,53.8,1,1,1,2,68.4,2
31.2,89.1,3.3,39.9,1,3,2,2,60.4,1
18.5,54.0,2.2,17.9,1,1,2,3,12.9,0
41.2,70.4,8.8,53.2,2,2,2,3,96.6,3
36.3,18.0,7.9,34.3,2,3,2,2,61.2,2
25.1,24.4,19.5,23.1,1,1,2,2,21.4,0
24.6,76.6,23.8,23.8,1,1,2,2,25.2,0
23.3,68.6,3.4,25.1,2,1,2,2,32.2,0
42.2,75.7,3.4,54.2,2,3,1,2,88.9,3
44.9,72.7,21.6,56.9,1,1,2,2,82.1,3
41.4,41.1,5.2,47.1,2,3,1,2,74.6,2
44.7,26.6,32.6,42.7,2,1,1,2,58.0,1
37.0,93.0,8.7,49.0,1,2,1,1,63.5,2
23.1,42.5,31.3,21.1,2,2,2,2,29.4,0
23.1,92.6,30.2,21.8,1,3,2,3,31.8,0
26.4,73.4,26.3,25.6,1,1,2,3,28.1,0
35.8,26.9,20.9,33.8,1,3,1,2,45.5,1
33.9,53.3,28.3,33.7,3,1,1,2,48.6,1
18.4,73.5,33.3,16.4,1,1,2,1,5.0,0
39.1,83.6,26.7,49.2,1,1,2,3,73.4,2
30.2,78.2,14.2,34.5,2,2,3,1,59.5,1
19.0,49.1,10.9,17.0,3,2,2,2,30.8,0
20.4,85.5,26.3,18.4,1,3,2,3,31.5,0
36.6,44.2,7.8,40.0,2,1,2,2,61.1,2
47.4,34.1,5.7,54.4,2,3,2,3,100.0,3
24.8,43.2,10.8,23.1,2,1,1,2,26.2,0
32.6,57.1,6.0,36.7,2,2,2,2,56.4,1
46.4,79.7,33.0,58.4,1,3,2,1,88.6,3
44.9,38.1,33.6,46.3,1,1,2,2,65.1,2
36.8,38.5,34.0,34.8,2,1,1,2,41.1,1
37.3,38.3,4.1,40.5,3,1,3,2,73.6,2
37.4,41.1,21.6,37.9,2,3,2,2,69.0,2
22.0,78.1,7.7,23.3,1,1,3,2,30.8,0
31.7,28.3,32.5,29.7,2,1,3,3,53.7,1
38.8,68.3,7.1,48.9,1,1,1,1,55.5,1
34.9,17.8,12.5,32.9,1,1,2,1,35.4,0
27.0,88.6,15.4,30.4,2,1,2,2,46.4,1
47.3,41.5,25.3,53.1,2,1,3,3,95.3,3
35.2,26.8,20.7,33.2,3,1,2,2,56.5,1
34.5,39.6,15.3,34.6,3,1,1,1,45.1,1
37.2,61.7,9.3,44.3,3,1,1,2,64.8,2
20.6,55.9,8.4,19.4,1,2,3,3,33.8,0
28.8,26.8,30.2,26.8,1,1,1,2,25.9,0
20.6,73.2,16.7,19.2,3,3,1,3,39.4,1
47.1,48.9,31.6,54.1,1,2,1,2,71.0,2
47.6,20.3,33.7,45.6,2,1,2,3,75.5,2
30.4,59.5,25.4,30.0,2,1,1,2,33.9,0
42.8,81.8,12.0,54.8,2,1,1,1,74.0,2
25.9,91.5,29.5,26.2,2,2,3,2,44.0,1
25.3,24.5,11.1,23.3,3,1,2,2,37.7,1
35.0,84.5,22.7,42.2,2,2,1,2,58.3,1
22.9,19.7,12.5,20.9,3,1,1,2,24.0,0
30.6,88.0,13.7,36.6,1,2,3,2,58.6,1
20.8,75.2,19.9,19.0,3,3,2,2,40.2,1
38.6,70.1,5.2,49.4,2,3,1,2,79.5,2
28.2,87.9,5.4,34.2,1,1,1,3,41.2,1
36.4,81.5,19.3,44.9,2,2,2,1,68.5,2
42.6,88.9,17.8,54.6,1,1,3,3,90.1,3
35.9,76.1,13.3,44.1,2,1,3,2,74.8,2
24.8,25.0,6.3,22.8,1,2,2,1,20.6,0
41.2,75.6,3.4,53.2,1,2,2,1,77.8,2
20.0,68.4,26.9,18.0,2,3,1,3,31.3,0
23.5,43.1,5.0,22.6,3,3,3,2,56.8,1
39.9,34.3,20.8,40.1,1,2,1,2,53.3,1
23.7,37.5,31.8,21.7,2,3,1,2,27.7,0
29.0,62.2,16.5,30.0,3,1,1,2,42.5,1
24.4,33.2,5.7,22.6,3,1,1,1,24.6,0
34.7,18.2,12.8,32.7,1,1,2,2,34.6,0
47.3,50.5,20.3,57.2,1,3,1,1,84.1,3
38.4,29.3,35.0,36.4,2,1,2,2,50.7,1
20.6,26.5,15.2,18.6,2,1,3,3,39.3,1
28.2,62.6,34.7,26.2,1,3,2,2,41.4,1
39.4,61.6,11.0,47.7,2,2,2,2,77.4,2
32.5,37.3,27.3,30.5,1,1,2,2,33.0,0
22.0,23.0,3.7,20.0,1,2,3,2,28.0,0
36.7,22.7,4.5,36.4,2,2,2,2,57.8,1
37.9,54.2,10.6,43.6,1,3,2,3,77.7,2
45.4,45.7,12.4,53.7,1,1,1,2,69.8,2
43.8,39.2,25.3,46.5,2,1,2,2,74.2,2
37.8,69.8,20.9,44.8,2,3,2,2,82.6,3
32.8,92.7,22.4,39.6,1,3,1,1,55.5,1
28.5,74.4,2.9,33.5,3,1,1,2,50.2,1
28.7,43.1,23.8,26.7,1,2,2,3,40.6,1
28.1,16.6,12.8,26.1,2,3,2,3,52.4,1
26.0,70.7,21.4,25.7,3,1,1,2,35.3,0
38.3,41.9,18.6,40.0,2,1,2,2,58.5,1
31.1,54.8,30.0,29.4,2,3,2,2,60.5,1
30.1,33.1,26.5,28.1,1,3,1,2,37.6,1
20.0,79.1,17.7,18.6,1,2,2,2,20.0,0
34.2,31.0,15.3,32.7,2,1,2,1,38.9,1
18.6,71.3,30.5,16.6,2,1,3,2,18.7,0
34.0,64.2,27.4,35.9,2,2,2,2,59.4,1
28.9,26.8,7.0,27.0,2,1,2,2,36.6,1
24.1,48.0,29.2,22.1,2,1,2,2,26.6,0
21.4,30.4,10.1,19.4,3,1,2,2,30.1,0
22.8,25.9,10.5,20.8,3,2,1,3,36.5,1
46.9,53.9,2.7,58.9,3,1,2,3,100.0,3
28.9,67.6,5.0,32.8,3,2,1,1,47.1,1
40.0,89.6,19.2,52.0,3,3,3,2,100.0,3
21.7,79.5,12.9,22.0,2,1,2,2,26.0,0
30.7,26.5,7.8,29.0,3,1,1,2,38.4,1
46.5,40.3,16.0,53.1,2,3,3,3,100.0,3
28.9,72.3,29.1,28.7,1,3,2,3,45.1,1
38.7,78.1,9.9,50.4,2,1,3,2,80.3,2
42.4,24.8,30.6,40.4,3,1,3,2,77.2,2
20.7,80.8,9.8,21.3,1,3,3,2,36.7,1
44.4,76.3,15.4,56.4,1,3,3,3,100.0,3
43.2,72.4,30.9,54.0,3,3,2,2,100.0,3
28.6,63.2,28.8,27.1,2,1,1,1,22.2,0
41.7,25.9,15.2,41.6,2,1,1,1,47.7,1
33.5,92.6,29.4,39.5,2,3,2,2,69.5,2
40.1,35.9,24.7,40.0,3,2,1,2,69.2,2
23.5,85.1,33.2,21.5,3,1,3,3,44.2,1
45.2,92.9,8.5,57.2,2,1,2,2,87.8,3
25.8,22.1,14.1,23.8,3,1,2,2,40.8,1
38.2,24.5,25.5,36.2,1,3,2,2,55.4,1
32.8,25.4,30.3,30.799999999999997,2,3,1,2,45.8,1
22.4,38.2,10.6,20.4,2,3,1,2,30.6,0
31.7,15.8,6.4,29.7,1,2,2,2,38.0,1
25.7,22.6,3.9,23.7,1,1,3,3,30.3,0
46.2,92.4,21.7,58.2,2,1,1,2,84.5,3
29.1,92.4,20.5,33.4,2,1,2,3,55.1,1
44.3,25.6,12.5,45.6,2,1,1,1,61.2,2
43.0,74.8,32.6,53.9,1,3,2,2,92.3,3
25.9,40.0,31.5,23.9,1,3,2,1,31.8,0
41.9,19.3,6.9,41.7,1,1,1,2,44.7,1
31.1,94.6,32.6,34.8,1,1,2,2,37.4,1
44.0,24.9,5.1,46.5,3,1,1,2,72.5,2
26.2,86.3,21.3,27.7,2,3,2,2,48.6,1
41.0,69.2,31.3,48.6,1,2,2,2,73.6,2
35.7,91.1,29.6,43.4,1,1,3,2,58.7,1
35.8,15.5,34.0,33.8,2,3,1,2,55.2,1
40.0,91.6,20.8,52.0,1,1,2,2,74.1,2
46.6,45.5,15.2,55.2,1,3,3,1,93.3,3
43.6,28.0,27.7,42.4,1,2,2,1,54.3,1
42.2,39.8,24.6,44.3,1,2,3,2,72.5,2
32.7,85.8,17.7,39.2,2,1,2,3,61.1,2
30.8,18.2,13.3,28.8,2,1,2,1,32.7,0
32.9,65.4,19.3,35.9,1,1,3,2,52.0,1
45.1,82.3,19.3,57.1,1,1,1,1,71.4,2
21.2,49.0,5.1,20.3,2,2,1,2,25.7,0
21.4,67.9,7.9,21.6,1,1,1,3,17.9,0
26.9,62.0,17.0,26.8,2,2,1,3,41.0,1
23.6,74.8,21.9,22.5,3,1,2,1,29.9,0
21.5,28.7,17.7,19.5,2,3,3,2,38.2,1
47.2,43.9,24.2,54.0,2,1,1,1,73.1,2
18.4,24.0,2.5,16.4,3,3,1,2,28.5,0
36.8,78.2,8.3,47.1,1,1,2,1,57.2,1
23.0,27.2,25.2,21.0,3,1,3,2,41.4,1
43.0,19.1,2.3,44.0,2,2,3,3,87.9,3
40.1,62.7,20.3,47.4,1,1,2,2,62.0,2
42.5,54.0,25.6,48.5,2,1,1,1,60.5,1
44.8,48.4,17.6,52.5,2,3,1,2,89.1,3
23.8,42.5,9.7,22.0,1,3,1,2,24.5,0
43.3,67.6,6.3,55.3,1,2,3,3,95.2,3
41.9,79.0,29.9,53.3,2,1,2,2,79.9,2
21.9,31.0,22.0,19.9,1,1,3,2,22.6,0
18.5,85.5,13.8,17.8,1,3,3,1,26.4,0
19.9,49.4,22.4,17.9,1,1,1,2,5.0,0
44.3,36.4,7.0,50.0,2,2,2,2,84.2,3
45.8,50.0,17.1,54.9,3,1,1,2,88.6,3
42.7,18.4,5.5,42.8,2,3,3,1,72.7,2
26.8,50.3,18.7,25.0,2,1,2,2,35.7,0
31.2,48.3,27.4,29.2,1,3,1,2,40.9,1
20.6,44.8,26.9,18.6,1,2,1,2,10.5,0
42.1,48.1,15.5,48.1,2,3,2,2,87.0,3
18.9,26.6,2.3,16.9,3,3,1,2,32.5,0
19.8,75.7,23.8,17.8,2,3,1,2,24.5,0
39.4,67.8,19.2,47.6,1,1,2,2,63.9,2
45.3,15.6,11.2,44.1,2,3,2,2,82.9,3
24.2,58.6,28.0,22.2,2,2,3,2,39.2,1
27.0,18.0,13.0,25.0,2,2,1,3,37.5,1
26.5,22.4,20.2,24.5,2,2,1,1,26.7,0
25.2,76.9,26.0,24.3,3,1,1,2,29.1,0
36.8,43.4,3.6,41.0,2,1,1,2,47.6,1
42.2,94.1,20.7,54.2,3,2,2,2,100.0,3
28.5,37.8,27.9,26.5,2,2,2,2,41.3,1
35.5,80.8,13.9,44.2,1,2,3,1,69.4,2
19.9,86.1,17.7,19.0,2,1,2,2,19.3,0
25.9,54.9,16.0,24.8,2,3,2,3,48.9,1
42.7,26.5,6.2,44.9,2,1,2,3,74.7,2
32.2,74.7,33.2,33.6,1,3,2,2,53.2,1
21.6,60.7,3.3,22.1,1,1,3,2,22.0,0
22.3,62.2,3.6,23.1,3,3,1,3,47.6,1
32.7,24.8,13.5,30.700000000000003,3,1,2,2,54.4,1
32.3,72.6,22.0,35.6,2,2,2,2,55.1,1
31.5,84.3,12.7,37.8,2,2,2,2,59.2,1
46.7,86.2,26.3,58.7,2,3,2,2,100.0,3
41.9,71.6,20.5,53.1,1,2,1,2,73.5,2
35.1,30.2,17.7,33.3,3,1,3,1,57.2,1
18.6,77.9,10.1,18.1,2,3,2,3,35.2,0
19.3,84.0,2.8,20.9,2,1,3,2,30.6,0
25.7,24.2,5.3,23.7,1,1,1,1,9.4,0
23.1,64.2,12.7,22.6,1,1,1,2,15.7,0
30.4,40.9,14.4,29.4,3,1,1,2,39.0,1
40.6,45.8,5.8,46.9,1,1,2,2,62.5,2
30.2,33.7,31.2,28.2,1,3,2,2,38.2,1
27.1,47.5,4.8,27.8,2,1,3,2,43.2,1
47.6,77.6,19.7,59.6,2,3,2,1,97.3,3
26.7,92.8,2.0,33.0,3,1,2,3,61.0,2
29.4,43.1,22.9,27.4,2,2,1,2,34.0,0
29.9,24.8,6.6,28.1,2,1,2,2,37.4,1
46.7,40.5,24.5,51.8,1,1,2,2,73.0,2
28.2,51.8,21.8,26.5,1,2,2,1,35.4,0
32.3,87.1,24.2,37.4,2,3,2,2,62.6,2
37.5,21.2,3.0,37.4,3,2,2,2,67.9,2
42.4,81.2,13.8,54.4,1,2,2,1,72.8,2
31.3,32.7,2.7,31.7,1,3,1,1,38.0,1
36.4,39.3,25.7,35.2,1,1,1,2,39.2,1
24.3,30.7,29.1,22.3,1,3,2,2,29.5,0
34.6,67.8,20.7,38.8,2,2,1,1,53.2,1
35.1,33.2,19.3,33.5,2,1,2,3,53.7,1
38.8,57.6,10.3,45.9,2,1,3,2,78.0,2
46.2,49.6,34.8,52.0,1,2,2,2,78.9,2
40.8,85.7,9.4,52.8,1,1,2,1,70.0,2
35.2,17.0,26.3,33.2,3,1,1,2,49.3,1
22.9,39.9,22.7,20.9,1,1,3,2,22.6,0
25.5,23.6,9.9,23.5,1,1,1,2,13.3,0
46.3,77.1,22.4,58.3,2,2,2,1,94.1,3
27.4,82.8,4.1,32.5,1,3,2,2,50.3,1
36.8,20.3,24.4,34.8,2,1,1,1,38.3,1
36.0,67.8,2.4,44.8,1,2,3,2,71.4,2
28.2,90.0,27.8,30.1,2,1,1,1,29.0,0
41.7,30.5,20.9,41.7,2,1,2,2,62.1,2
31.3,34.5,28.3,29.3,1,1,2,3,37.4,1
44.6,77.0,6.9,56.6,1,1,1,1,67.3,2
35.6,69.3,3.9,44.1,2,3,3,2,86.5,3
45.3,77.8,13.3,57.3,2,2,3,2,100.0,3
27.9,61.3,33.8,25.9,2,1,1,2,27.4,0
24.6,15.3,9.4,22.6,1,2,1,2,18.6,0
46.6,41.5,26.4,51.6,1,1,3,2,80.0,2
21.5,38.2,8.4,19.5,2,2,1,1,17.0,0
23.9,28.9,31.2,21.9,2,1,2,1,26.8,0
45.3,16.7,24.4,43.3,1,2,1,3,62.2,2
27.2,34.2,28.7,25.2,2,3,3,3,60.7,1
20.0,26.6,32.5,18.0,2,1,1,2,9.5,0
36.0,93.2,10.1,48.0,1,2,1,2,65.5,2
19.6,78.6,30.8,17.6,3,3,3,2,44.1,1
20.4,52.7,23.9,18.4,1,2,2,2,15.8,0
31.9,40.7,14.3,31.4,2,2,2,2,50.0,1
30.0,88.7,21.3,34.2,1,1,1,3,37.5,1
44.7,60.7,32.9,53.1,1,2,1,1,70.5,2
31.3,43.1,21.3,29.6,2,2,2,2,43.1,1
27.5,45.6,7.9,27.5,1,2,1,1,25.5,0
43.3,56.0,23.2,50.9,2,3,1,1,80.8,2
23.9,41.3,12.0,21.9,3,2,1,2,34.4,0
47.9,94.9,26.8,59.9,2,3,1,2,100.0,3
30.1,47.5,21.1,28.7,2,1,2,2,35.3,0
22.5,46.8,9.5,20.9,2,1,2,2,25.4,0
31.8,78.4,12.3,37.5,1,2,2,2,49.1,1
31.5,59.7,14.4,33.8,2,1,3,1,52.2,1
28.2,48.5,24.6,26.2,2,2,2,2,36.4,1
18.7,77.8,32.4,16.7,1,3,1,2,11.9,0
44.0,93.4,8.7,56.0,1,2,1,1,72.3,2
35.1,51.1,31.5,34.5,1,1,2,1,35.6,0
23.6,20.6,33.8,21.6,1,1,2,1,10.8,0
19.7,56.5,7.7,18.5,3,1,1,1,14.1,0
20.1,91.4,30.6,18.1,1,1,2,2,11.5,0
32.2,63.3,33.0,31.8,2,2,2,2,52.2,1
19.9,46.9,28.6,17.9,2,3,3,2,38.9,1
35.3,74.0,11.5,43.0,3,1,2,2,72.0,2
42.3,29.0,10.2,44.3,3,2,2,3,89.6,3
23.5,60.5,15.0,22.3,3,1,3,2,41.3,1
45.5,70.8,25.8,57.5,1,1,3,2,88.6,3
47.9,21.1,5.5,50.5,2,1,2,2,75.7,2
20.2,70.6,26.7,18.2,1,2,3,2,25.3,0
18.3,24.2,32.3,16.3,1,2,2,1,8.2,0
46.5,26.2,29.1,45.7,3,1,1,1,65.3,2
26.8,57.8,14.9,26.6,1,2,2,1,27.4,0
19.0,69.0,9.1,18.2,2,3,3,2,40.7,1
39.5,86.8,14.9,51.5,1,1,1,2,65.9,2
29.2,34.1,5.0,28.8,2,3,1,1,33.7,0
38.1,32.6,31.1,36.1,2,3,1,1,51.6,1
27.8,60.0,8.3,29.6,1,2,3,1,41.5,1
24.4,43.5,7.7,23.3,2,1,1,2,26.7,0
37.5,44.5,4.2,42.1,1,1,2,3,62.2,2
21.1,57.9,34.7,19.1,3,1,3,2,40.8,1
38.3,92.8,24.9,50.0,1,2,3,2,82.2,3
43.5,53.6,13.1,52.6,2,2,1,2,81.6,3
47.7,33.6,22.3,51.5,3,1,2,2,91.6,3
36.6,19.8,14.4,34.6,1,1,1,1,32.9,0
46.4,74.1,12.8,58.4,1,2,2,2,89.2,3
47.3,66.8,11.5,59.3,1,3,1,2,86.1,3
38.0,34.9,24.7,36.8,2,2,1,2,51.5,1
31.3,15.5,30.7,29.3,1,1,2,1,27.7,0
35.8,81.5,32.7,41.2,1,1,2,2,54.8,1
39.7,34.6,7.8,42.4,1,1,2,2,55.3,1
20.4,92.8,15.1,20.8,1,1,2,2,21.4,0
40.8,80.6,28.2,51.7,1,1,3,2,82.6,3
22.6,73.1,10.5,23.2,2,1,1,2,20.8,0
20.2,25.9,17.5,18.2,1,1,1,2,5.0,0
45.8,90.2,34.0,57.8,1,1,2,2,80.8,2
30.3,18.1,32.4,28.3,1,2,1,2,29.4,0
39.7,55.8,18.1,45.5,2,2,2,3,86.0,3
40.1,34.4,3.1,43.9,3,2,2,2,79.4,2
31.7,69.5,10.4,36.4,2,3,3,1,65.6,2
41.1,66.6,32.3,47.9,1,2,3,2,79.8,2
42.9,35.2,12.0,46.5,3,2,1,2,80.7,2
30.3,85.1,26.0,33.3,1,2,2,2,48.1,1
45.9,46.8,12.2,55.0,3,3,1,1,97.8,3
38.9,57.0,23.6,43.3,2,1,1,2,59.0,1
46.5,51.1,28.9,54.3,1,1,1,2,71.8,2
25.8,87.2,15.5,28.3,2,2,3,1,45.9,1
26.3,42.4,21.3,24.3,2,2,1,1,27.7,0
40.6,15.6,21.2,38.6,3,1,2,1,54.2,1
40.8,89.6,17.6,52.8,1,1,1,3,68.2,2
48.0,80.3,33.1,60.0,2,1,1,2,88.0,3
31.7,70.9,25.9,33.6,3,1,2,3,62.1,2
26.4,70.9,28.9,24.8,1,2,2,2,28.9,0
47.6,91.6,28.8,59.6,1,1,1,3,85.7,3
27.8,50.5,22.0,25.8,2,2,1,2,38.3,1
47.6,83.6,31.9,59.6,2,1,1,1,80.5,2
33.6,60.8,30.3,34.1,2,1,2,2,47.5,1
44.2,28.4,16.7,45.5,1,2,1,2,57.7,1
40.6,67.8,5.0,52.6,2,2,1,3,89.8,3
24.6,35.6,17.7,22.6,3,1,1,2,26.8,0
39.8,22.2,24.8,37.8,3,3,2,2,74.1,2
39.5,73.9,14.6,50.1,2,2,3,3,93.9,3
24.7,24.3,4.9,22.7,1,2,3,2,35.2,0
43.6,91.3,21.0,55.6,1,1,2,3,86.3,3
47.4,40.6,14.0,55.1,2,2,2,2,93.2,3
34.1,51.8,6.8,37.9,3,3,2,2,78.3,2
36.0,26.7,24.0,34.0,3,2,2,2,64.1,2
47.9,71.5,17.8,59.9,3,1,2,2,100.0,3
47.4,41.7,29.3,52.5,1,2,3,2,91.8,3
23.4,54.0,14.9,21.6,3,2,3,3,54.1,1
34.4,42.0,24.4,33.2,3,2,1,2,53.6,1
23.9,83.5,15.0,25.1,1,2,2,3,39.6,1
43.5,71.8,17.1,55.5,1,1,2,2,80.6,2
40.5,73.8,2.3,52.5,2,2,2,3,94.5,3
22.4,91.0,16.1,23.4,3,3,1,3,48.1,1
47.4,67.0,21.6,59.4,3,2,2,1,100.0,3
25.2,54.1,24.7,23.2,3,2,1,2,37.4,1
41.3,84.2,23.5,53.3,1,2,1,1,66.0,2
20.5,54.1,24.1,18.5,2,1,2,2,20.3,0
41.8,29.5,18.0,42.2,2,1,2,1,62.6,2
19.9,87.7,28.2,17.9,1,3,1,2,12.4,0
32.7,56.5,21.3,33.7,2,2,1,2,46.2,1
47.0,86.8,8.0,59.0,2,1,2,3,99.7,3
24.2,27.9,20.6,22.2,3,1,3,2,43.5,1
28.9,58.6,16.0,29.5,3,1,1,3,42.4,1
37.8,50.6,21.0,40.6,2,2,3,2,73.1,2
34.1,31.8,5.3,34.7,3,1,1,2,54.2,1
36.1,32.3,13.8,35.8,1,2,1,2,37.6,1
29.5,87.3,15.2,34.4,1,1,2,2,40.6,1
40.0,94.6,25.0,52.0,1,1,2,3,78.0,2
36.1,48.6,7.1,40.3,3,1,1,2,62.3,2
21.3,58.9,4.2,21.4,2,1,1,2,19.7,0
44.1,33.1,2.3,49.6,1,3,1,1,70.3,2
39.8,39.5,29.1,39.6,2,2,2,3,69.2,2
34.5,63.6,31.6,35.8,1,3,1,2,48.7,1
34.0,62.6,30.0,35.1,2,1,1,2,37.2,1
22.7,25.1,14.5,20.7,2,1,2,3,29.4,0
36.3,71.5,8.0,44.9,3,2,2,2,80.6,2
30.8,90.3,31.1,33.9,3,1,3,3,66.8,2
20.7,21.4,26.1,18.7,3,1,1,2,23.5,0
34.6,54.4,30.9,34.4,3,1,2,2,54.5,1
47.9,86.0,25.0,59.9,2,2,3,2,100.0,3
39.4,71.2,26.7,46.9,1,2,3,3,84.3,3
36.3,63.6,33.8,38.4,2,3,2,2,66.6,2
20.3,82.2,19.0,19.1,3,1,1,2,27.2,0
25.5,58.1,27.3,23.5,1,1,1,2,18.5,0
40.1,60.5,9.2,49.1,1,3,2,3,87.7,3
36.5,54.1,13.7,40.7,2,1,1,1,49.5,1
44.7,29.9,13.7,47.3,1,1,1,2,58.5,1
32.6,27.5,23.7,30.6,1,1,1,2,28.7,0
23.5,79.9,5.6,26.0,2,3,1,2,37.2,1
44.1,30.9,8.3,47.8,1,1,2,3,71.6,2
22.8,30.9,17.8,20.8,2,1,2,2,26.3,0
27.7,76.2,31.1,27.0,2,3,3,2,51.4,1
21.3,23.6,2.7,19.3,1,2,2,2,19.3,0
47.3,74.0,16.3,59.3,1,1,2,2,84.3,3
22.6,55.9,10.2,21.7,2,3,3,2,46.4,1
39.2,79.8,25.1,48.9,2,1,3,2,81.1,3
37.0,33.4,6.4,38.6,1,3,3,2,67.3,2
19.5,47.6,12.1,17.5,2,1,1,2,11.4,0
33.3,66.5,12.0,38.2,1,1,1,2,41.0,1
19.2,19.2,26.6,17.2,1,1,3,1,13.3,0
23.5,90.9,14.0,25.4,1,1,1,2,19.8,0
40.2,43.9,27.7,41.6,2,1,2,2,60.8,1
29.5,86.0,6.3,35.9,2,1,2,3,56.3,1
39.1,89.0,4.5,51.1,2,1,2,3,83.2,3
24.1,72.7,3.4,26.6,1,2,1,3,34.8,0
47.3,86.6,16.8,59.3,2,3,1,2,95.0,3
45.9,55.3,2.7,57.9,2,2,1,1,81.8,3
38.8,74.3,15.1,48.8,2,3,3,1,87.6,3
40.5,45.7,27.7,42.5,2,1,1,1,52.9,1
44.4,78.3,17.0,56.4,2,2,1,2,91.9,3
39.2,59.2,7.6,47.5,1,1,1,1,57.4,1
26.1,78.2,23.2,26.3,1,3,2,1,30.1,0
28.4,63.4,14.2,29.7,1,2,2,2,36.2,1
27.7,19.6,28.9,25.7,3,1,3,1,45.7,1
47.1,58.0,34.3,56.8,2,2,1,2,86.2,3
44.1,65.7,20.2,55.9,3,1,1,2,91.7,3
42.2,75.2,7.1,54.2,1,2,1,3,82.5,3
23.6,84.0,8.2,26.1,2,2,2,1,36.5,1
22.9,29.2,15.0,20.9,2,1,1,2,23.8,0
21.0,57.1,26.0,19.0,3,2,1,1,20.2,0
42.8,76.1,23.3,54.8,1,1,1,1,66.0,2
47.0,91.6,5.5,59.0,2,1,2,2,93.5,3
32.4,60.0,16.7,34.7,1,1,1,1,28.8,0
21.7,81.0,5.4,23.6,1,2,3,1,26.8,0
45.4,16.9,16.1,43.7,1,2,1,3,58.4,1
42.7,24.0,7.6,43.9,1,1,3,2,69.1,2
36.5,24.5,32.5,34.5,3,3,2,1,61.4,2
38.4,27.0,24.0,36.4,1,3,1,1,44.5,1
45.5,67.9,32.8,57.1,3,2,1,1,93.7,3
37.7,40.6,14.9,39.5,2,2,2,1,59.1,1
35.3,91.8,11.2,46.4,1,3,1,2,67.0,2
38.8,48.1,28.2,40.3,1,3,2,2,66.5,2
30.6,54.8,19.6,30.7,2,3,1,2,45.0,1
38.8,74.9,25.2,46.9,1,1,3,1,67.6,2
34.8,91.6,32.4,41.2,1,1,3,3,66.6,2
22.3,83.3,34.1,20.3,3,1,3,1,32.2,0
22.1,92.0,25.2,21.3,1,1,3,2,23.8,0
20.2,82.0,30.7,18.2,1,1,1,1,5.0,0
35.1,80.1,6.9,44.6,1,2,2,2,65.1,2
28.1,77.5,24.9,29.0,1,1,3,1,36.3,1
40.5,55.3,2.4,49.8,3,2,3,2,100.0,3
33.1,71.7,16.0,37.9,1,3,2,3,59.9,1
21.8,31.9,22.4,19.8,1,1,2,2,17.7,0
32.1,40.1,23.2,30.1,3,1,3,2,52.9,1
23.8,23.7,4.6,21.8,2,3,1,2,31.0,0
35.9,75.5,12.2,44.2,2,2,1,2,65.9,2
47.3,60.2,20.6,59.3,2,1,1,3,94.7,3
26.5,46.9,8.4,26.2,2,2,3,2,47.9,1
20.9,47.6,26.5,18.9,1,3,1,2,16.2,0
43.6,38.2,7.0,49.4,2,3,1,2,83.8,3
44.5,79.6,23.6,56.5,2,1,3,2,95.8,3
45.9,42.3,27.9,50.4,1,1,3,2,73.7,2
44.7,76.9,14.8,56.7,1,2,1,1,73.6,2
42.1,26.4,30.7,40.1,2,3,2,1,64.7,2
20.8,40.1,32.8,18.8,1,1,1,1,5.0,0
25.7,52.9,10.4,25.4,3,2,1,1,39.2,1
35.1,18.2,30.3,33.1,2,3,3,1,57.9,1
46.6,44.9,24.5,53.2,2,1,3,2,93.9,3
36.6,66.5,26.5,40.9,1,3,1,3,62.8,2
30.0,20.8,14.8,28.0,2,1,2,2,39.4,1
45.0,52.2,4.8,56.5,2,3,3,2,100.0,3
27.5,94.7,18.0,31.4,2,1,1,1,34.2,0
22.7,52.6,23.1,20.7,1,1,2,2,19.0,0
30.9,52.9,3.8,33.9,3,3,2,2,67.7,2
37.1,21.7,4.3,36.8,2,1,2,3,55.2,1
25.8,81.4,5.1,29.7,3,1,2,1,43.5,1
28.5,48.5,17.7,27.3,2,1,2,2,35.9,0
18.3,77.6,21.7,16.3,1,2,2,2,12.6,0
47.6,90.1,26.5,59.6,2,1,1,2,90.9,3
21.4,92.6,15.4,22.2,2,1,2,3,36.6,1
21.8,50.9,34.0,19.8,1,1,3,2,20.8,0
29.3,42.8,33.4,27.3,3,2,1,3,48.3,1
18.5,86.7,18.6,17.0,3,2,2,2,30.2,0
34.3,56.9,27.2,35.1,1,1,2,1,39.0,1
35.8,58.4,14.6,40.2,3,2,2,2,69.8,2
43.7,94.6,28.6,55.7,1,2,2,2,82.0,3
32.9,75.1,32.6,34.9,1,1,2,1,36.8,1
24.7,51.4,14.6,23.1,1,1,1,3,21.7,0
45.4,48.0,29.1,51.2,2,2,1,2,79.1,2
44.4,36.2,29.7,45.7,2,1,1,3,69.9,2
30.4,16.2,7.1,28.4,1,3,3,2,46.5,1
47.8,34.3,34.1,49.6,1,2,3,3,92.3,3
35.3,25.3,23.0,33.3,3,1,3,2,61.5,2
42.0,55.3,22.8,48.5,2,3,2,2,87.3,3
34.6,90.9,8.7,45.3,1,1,2,2,65.0,2
45.6,21.3,14.6,45.7,2,1,2,2,70.5,2
28.7,34.2,31.6,26.7,1,2,1,2,27.6,0
37.8,37.0,32.9,35.8,2,2,2,1,48.9,1
31.8,62.7,5.5,36.4,1,3,1,2,47.0,1
29.7,54.3,2.7,32.6,1,3,1,2,46.9,1
29.3,40.1,32.0,27.3,3,1,1,1,29.6,0
18.9,93.1,34.8,16.9,2,2,2,1,17.6,0
40.3,89.1,8.4,52.3,1,1,2,1,69.6,2
24.5,41.2,9.3,22.9,2,3,1,2,32.9,0
46.6,42.9,20.2,53.3,1,2,2,2,80.2,2
23.2,70.0,31.3,21.2,1,1,2,2,18.7,0
27.3,78.5,33.5,26.2,2,3,2,2,48.2,1
36.2,49.3,20.7,37.9,1,2,1,1,38.6,1
19.0,55.9,21.4,17.0,1,3,2,3,26.8,0
23.4,40.8,28.1,21.4,1,1,2,2,18.6,0
41.4,24.8,12.5,41.4,1,1,2,2,56.7,1
29.6,63.1,19.4,30.4,1,1,2,3,37.4,1
43.8,21.0,31.5,41.8,2,2,1,2,63.3,2
33.0,94.2,15.9,41.5,1,1,1,2,51.6,1
35.3,37.8,23.2,33.9,3,3,3,2,77.0,2
44.9,88.4,3.3,56.9,2,1,1,3,85.9,3
39.7,37.0,26.9,39.3,2,2,1,2,54.3,1
31.6,82.9,33.9,33.7,1,1,2,1,37.7,1
19.4,15.8,5.5,17.4,1,2,2,1,13.9,0
29.1,87.2,34.7,29.9,3,3,1,2,59.4,1
21.3,90.8,4.5,24.0,1,2,3,2,36.5,1
31.8,25.1,30.4,29.8,2,3,3,2,61.4,2
31.4,24.8,19.4,29.4,2,2,3,2,53.3,1
25.9,38.7,4.7,25.2,2,3,2,2,43.2,1
24.2,21.2,34.1,22.2,1,1,1,3,18.0,0
24.3,62.2,19.4,22.7,3,2,1,2,36.5,1
22.6,55.4,32.2,20.6,1,1,3,3,24.3,0
23.6,37.2,7.4,21.7,1,3,2,1,25.3,0
44.3,74.6,9.9,56.3,3,1,1,2,88.1,3
45.8,21.7,16.2,45.8,1,2,2,1,63.6,2
26.2,22.8,23.4,24.2,2,1,1,2,21.6,0
32.8,49.7,24.5,32.2,2,3,1,1,43.8,1
19.1,36.3,4.2,17.1,1,1,2,2,9.5,0
40.0,85.4,10.9,52.0,1,2,1,2,72.9,2
35.9,73.7,5.1,45.2,2,2,2,2,76.5,2
27.5,20.6,8.2,25.5,3,1,1,2,33.5,0
28.0,29.2,10.7,26.0,1,2,3,2,42.6,1
32.6,34.8,5.6,33.1,3,2,3,3,72.6,2
33.8,28.4,6.8,33.4,1,1,2,2,39.0,1
25.7,53.9,14.0,24.8,1,1,2,3,21.7,0
41.2,83.6,31.8,52.6,2,1,2,2,89.2,3
43.7,67.7,6.7,55.7,2,1,2,3,93.8,3
28.8,74.5,8.4,32.9,3,2,3,3,70.5,2
31.5,91.7,19.4,37.7,1,2,3,2,55.6,1
30.5,94.5,12.2,37.7,1,2,1,2,43.9,1
47.0,78.4,11.5,59.0,3,1,2,2,100.0,3
22.5,92.3,22.6,22.4,2,1,1,2,21.6,0
26.5,62.4,3.8,28.9,1,1,2,1,26.7,0
25.5,43.0,11.3,23.9,3,2,2,1,41.3,1
47.9,30.7,21.3,51.0,1,1,2,2,72.4,2
42.4,66.0,15.9,53.5,3,1,1,2,83.7,3
38.4,40.8,21.1,39.4,2,1,1,2,54.5,1
27.0,21.8,20.7,25.0,2,2,1,3,35.3,0
31.3,40.1,32.9,29.3,2,1,2,2,40.9,1
30.3,17.2,20.4,28.3,3,1,2,2,45.9,1
33.4,25.2,19.9,31.4,2,1,2,2,45.9,1
30.1,15.5,28.6,28.1,3,1,1,1,35.9,0
28.0,22.8,11.6,26.0,2,1,1,2,24.2,0
38.2,74.1,3.7,49.8,1,1,2,2,69.9,2
43.6,39.1,12.3,48.7,3,1,2,2,87.0,3
21.4,15.0,21.9,19.4,1,1,1,2,8.9,0
19.7,24.7,15.4,17.7,3,3,3,2,44.1,1
42.7,69.5,30.4,52.2,2,1,2,1,78.1,2
23.1,74.3,20.0,22.1,2,1,2,3,29.1,0
32.8,68.4,14.9,37.1,2,1,2,2,57.1,1
34.9,15.9,12.0,32.9,2,3,2,1,54.3,1
45.2,92.0,17.4,57.2,2,1,3,2,99.4,3
28.5,71.5,14.9,30.8,1,2,1,2,31.7,0
28.2,72.2,28.0,27.8,1,2,1,2,31.8,0
29.3,52.7,23.7,27.8,2,3,2,2,47.8,1
21.9,40.9,33.5,19.9,1,2,2,1,17.3,0
20.9,23.5,32.8,18.9,2,2,3,3,38.4,1
40.0,33.9,31.7,38.1,1,3,2,2,63.3,2
21.4,82.7,4.4,23.5,2,2,3,3,49.3,1
27.6,70.9,14.5,29.4,3,2,1,2,45.6,1
24.0,28.0,28.9,22.0,3,1,2,2,36.0,1
38.1,31.3,28.7,36.1,3,1,2,2,62.0,2
39.9,87.9,23.2,51.9,2,3,2,2,93.7,3
28.6,64.5,20.4,28.9,1,1,2,2,32.5,0
41.5,38.9,5.9,46.6,1,2,1,2,62.9,2
46.2,88.8,10.3,58.2,2,1,3,3,100.0,3
43.6,89.5,18.5,55.6,1,1,2,1,76.2,2
32.1,88.4,10.7,39.9,1,1,1,2,44.5,1
34.4,73.7,32.5,37.3,2,3,1,1,53.4,1
46.4,87.3,25.2,58.4,2,1,3,3,100.0,3
20.4,59.1,33.2,18.4,1,1,1,2,5.0,0
37.5,49.5,12.0,41.7,3,3,1,1,71.3,2
34.0,83.8,24.5,39.9,2,2,1,2,53.9,1
38.9,49.4,16.1,43.1,1,1,3,3,68.1,2
31.1,19.6,9.7,29.1,2,1,2,3,46.2,1
41.8,60.4,34.7,47.2,1,2,3,1,73.7,2
19.3,43.0,23.6,17.3,1,1,2,2,11.9,0
21.7,21.1,10.3,19.7,2,1,2,2,24.6,0
39.4,90.3,27.7,51.2,1,2,2,2,76.9,2
38.9,55.3,3.8,46.8,3,2,2,2,86.2,3
47.3,33.4,26.5,50.0,1,1,3,1,72.9,2
47.3,70.9,23.4,59.3,2,1,2,1,88.9,3
42.8,21.8,11.2,42.7,2,1,3,2,73.9,2
19.3,31.5,8.1,17.3,2,1,1,2,11.4,0
36.3,86.5,32.4,43.2,3,3,2,2,85.8,3
28.2,81.3,16.3,31.3,2,2,2,1,46.9,1
39.6,69.2,30.3,46.1,3,1,2,2,80.1,2
33.6,28.0,14.6,31.6,2,3,1,1,46.4,1
20.6,35.0,19.9,18.6,1,1,2,2,7.2,0
37.8,77.6,28.7,44.9,2,1,2,2,68.3,2
31.9,50.2,17.4,32.3,3,1,3,2,62.3,2
19.8,90.1,11.1,20.5,2,1,1,1,12.7,0
44.1,25.2,22.8,43.2,1,2,1,1,49.4,1
19.2,69.8,30.4,17.2,2,1,2,1,13.1,0
25.7,69.3,30.3,23.7,1,2,2,2,26.4,0
20.3,50.5,18.9,18.3,1,1,1,3,7.4,0
44.3,26.4,12.8,45.8,2,1,2,2,71.8,2
32.1,92.9,22.5,38.3,1,1,3,3,63.9,2
42.2,55.9,27.8,48.0,2,2,1,2,73.5,2
42.9,17.6,26.0,40.9,1,3,1,1,54.9,1
33.1,61.0,20.1,35.3,2,2,3,2,63.4,2
19.5,52.8,19.3,17.5,2,1,3,2,26.2,0
41.0,44.0,17.0,44.9,2,1,1,2,63.3,2
44.4,44.0,13.6,51.2,2,3,2,2,89.3,3
35.1,81.1,6.1,45.0,2,2,2,2,75.4,2
22.1,35.8,11.5,20.1,1,1,2,3,17.6,0
41.2,87.0,30.9,53.2,1,1,1,2,66.7,2
45.9,74.4,6.2,57.9,1,1,2,3,92.2,3
45.6,87.3,13.7,57.6,2,2,2,1,96.0,3
44.9,86.9,21.5,56.9,2,3,1,2,93.3,3
30.3,51.0,29.5,28.3,1,1,1,1,20.7,0
41.0,88.3,32.9,53.0,1,3,2,2,85.6,3
31.2,55.7,21.4,31.4,3,1,1,2,43.1,1
34.9,86.8,21.1,42.8,3,1,1,2,66.2,2
42.4,73.8,34.6,52.0,1,2,2,2,80.5,2
21.0,37.8,5.9,19.0,1,1,3,2,27.3,0
40.6,89.0,24.0,52.6,1,1,3,2,77.6,2
18.8,87.2,33.7,16.8,2,2,1,3,23.5,0
46.3,60.7,26.2,57.6,2,3,1,1,91.6,3
39.2,82.6,16.7,51.1,2,1,3,3,91.4,3
28.6,21.3,28.2,26.6,2,1,2,2,34.2,0
36.9,56.0,27.6,39.0,2,1,3,2,68.8,2
27.5,82.3,23.8,28.8,3,1,2,1,40.6,1
22.1,45.1,33.1,20.1,2,1,1,3,21.6,0
24.0,85.1,33.4,22.0,3,2,1,1,27.2,0
34.7,31.7,7.9,34.9,2,1,1,2,41.6,1
37.7,29.4,11.9,37.7,1,1,2,2,45.3,1
29.8,43.6,17.9,28.3,1,1,3,2,36.0,1
27.8,68.0,5.8,31.0,2,1,1,2,42.8,1
39.1,76.9,18.0,49.4,3,1,2,2,83.8,3
44.7,77.6,4.0,56.7,2,1,1,2,85.5,3
31.3,46.9,32.1,29.3,1,2,1,3,35.4,0
35.2,28.3,8.8,34.8,2,3,2,2,64.6,2
36.1,16.6,25.8,34.1,3,1,2,3,62.3,2
37.6,56.5,13.9,42.9,1,1,2,3,58.7,1
24.9,79.1,32.1,22.9,1,1,2,3,26.3,0
46.2,23.2,15.1,47.0,2,1,1,2,65.3,2
41.2,34.8,11.0,44.1,1,2,2,1,59.9,1
20.5,20.9,25.8,18.5,2,1,1,3,16.9,0
36.1,27.1,26.3,34.1,2,1,2,2,47.6,1
18.7,36.9,8.7,16.7,1,2,2,2,18.3,0
20.8,92.4,20.5,20.3,2,3,2,2,39.1,1
29.8,44.8,20.0,28.1,1,1,3,2,37.5,1
25.0,44.6,20.6,23.0,2,1,3,3,42.3,1
43.9,54.2,10.2,54.0,1,2,2,2,83.7,3
35.0,33.6,27.3,33.0,1,1,1,1,25.6,0
30.2,15.4,24.8,28.2,2,2,2,2,47.3,1
37.6,40.7,25.4,37.3,2,3,3,1,71.8,2
29.3,75.6,7.3,34.0,2,1,2,3,56.2,1
19.2,48.9,7.6,17.3,3,1,2,2,25.0,0
31.1,38.5,32.4,29.1,2,2,2,2,47.2,1
37.5,26.3,19.3,35.5,1,2,2,2,49.5,1
46.1,89.2,25.8,58.1,3,1,2,3,100.0,3
18.3,48.3,7.0,16.3,1,3,1,1,7.9,0
27.9,19.9,17.5,25.9,1,1,2,2,23.3,0
36.9,89.2,11.1,48.9,3,3,2,2,93.8,3
25.6,58.3,23.8,23.6,1,1,2,2,20.3,0
25.9,23.2,28.3,23.9,2,2,1,2,27.9,0
42.2,84.7,24.1,54.2,2,1,2,3,89.1,3
20.7,79.3,6.8,21.8,1,3,1,3,31.7,0
31.2,68.2,12.8,34.9,2,1,2,2,51.4,1
29.6,53.0,12.3,30.4,2,2,3,3,66.1,2
43.0,71.9,29.7,53.6,2,1,2,2,82.4,3
34.7,49.8,13.5,37.1,1,1,2,2,46.1,1
34.8,94.8,33.0,41.7,1,1,2,1,47.9,1
31.3,57.1,2.2,35.5,1,1,1,2,39.5,1
19.0,37.0,17.8,17.0,1,2,1,2,7.6,0
47.1,80.9,30.5,59.1,3,3,2,2,100.0,3
40.5,79.6,3.3,52.5,1,3,1,2,79.9,2
44.1,25.5,15.8,44.7,3,1,2,1,73.6,2
47.5,30.5,22.3,50.1,1,3,3,2,90.6,3
39.3,87.5,21.4,51.3,3,2,3,2,100.0,3
19.9,81.0,18.6,18.5,2,1,2,2,17.7,0
24.0,55.4,7.7,23.9,2,3,1,2,34.3,0
35.0,70.7,20.7,40.0,2,1,1,2,54.4,1
23.6,62.3,33.9,21.6,2,2,1,2,29.0,0
25.4,82.0,23.2,25.6,3,1,2,1,38.6,1
19.6,71.5,7.9,19.4,1,1,1,1,5.0,0
26.8,70.8,10.7,28.9,2,2,1,2,37.6,1
31.5,65.5,29.4,31.7,1,3,1,2,42.6,1
28.4,79.9,28.3,29.1,1,2,2,3,46.8,1
41.8,22.3,27.5,39.8,1,1,1,1,38.4,1
22.2,61.9,14.3,20.9,1,2,1,2,14.9,0
36.9,84.5,2.3,48.9,2,1,2,1,72.4,2
32.0,29.9,2.7,32.1,3,1,2,2,52.3,1
30.0,81.7,10.3,35.4,1,1,2,2,48.4,1
40.9,87.1,18.7,52.9,2,2,3,2,94.9,3
18.9,56.0,32.4,16.9,3,3,3,1,44.1,1
21.9,41.7,33.7,19.9,3,1,2,3,35.7,0
31.8,28.2,2.0,31.8,1,3,1,1,37.0,1
20.7,34.6,24.6,18.7,3,1,2,2,30.9,0
32.1,69.9,25.1,34.2,3,2,3,2,70.3,2
21.9,76.0,6.4,23.2,2,3,3,2,47.2,1
30.7,46.5,4.4,32.6,2,2,2,2,49.0,1
29.1,42.2,29.2,27.1,2,2,3,2,46.7,1
22.1,30.0,9.0,20.1,2,1,2,2,23.2,0
42.6,17.8,33.6,40.6,2,1,2,3,68.1,2
31.9,21.6,24.6,29.9,1,3,3,1,46.0,1
29.5,51.4,18.0,29.0,3,1,2,2,50.8,1
25.8,65.7,21.9,24.7,3,1,1,2,31.5,0
28.9,77.8,34.4,28.4,2,1,2,1,36.4,1
28.1,89.7,21.5,31.1,1,3,2,2,49.5,1
21.6,54.2,14.1,19.6,3,2,1,2,30.5,0
26.9,80.5,19.9,28.4,1,1,1,2,21.5,0
28.7,17.9,26.4,26.7,1,1,1,2,18.1,0
37.0,49.5,11.1,41.1,3,2,1,3,75.6,2
33.7,51.7,4.5,37.7,1,1,3,2,51.0,1
44.5,45.6,34.3,47.8,1,3,2,2,83.7,3
25.7,67.2,31.1,23.7,3,1,1,1,27.1,0
25.8,39.3,19.0,23.8,3,1,2,2,34.3,0
31.1,74.7,27.7,32.8,1,2,2,3,50.4,1
38.3,36.8,15.4,39.4,1,1,1,2,38.0,1
27.5,32.7,2.6,26.9,1,1,1,2,17.0,0
42.8,62.0,22.9,51.8,1,1,3,1,73.6,2
31.3,52.0,26.5,30.0,1,2,2,2,41.5,1
19.0,83.2,33.9,17.0,2,2,1,2,19.6,0
26.8,40.2,24.3,24.8,1,2,1,2,23.0,0
30.9,94.7,2.8,40.3,3,2,2,2,75.3,2
36.2,83.0,5.2,47.6,1,3,2,1,71.6,2
22.8,77.2,26.2,20.8,2,1,2,2,23.3,0
28.9,23.5,31.2,26.9,3,2,1,2,41.7,1
29.8,83.7,18.3,33.8,2,3,2,3,66.3,2
34.0,41.7,17.3,33.9,1,3,1,2,47.5,1
47.2,47.8,23.0,55.6,2,1,2,3,89.4,3
46.4,41.0,10.2,54.3,2,1,1,2,76.0,2
40.3,85.7,23.6,52.3,2,3,3,1,92.3,3
23.3,90.0,32.4,21.5,1,1,3,2,29.0,0
31.8,34.6,21.9,29.8,3,2,3,2,64.8,2
27.9,88.6,7.3,33.4,2,3,1,1,49.9,1
38.3,84.4,34.9,46.2,3,1,2,2,78.5,2
41.3,66.8,19.6,50.8,1,1,2,2,69.8,2
30.0,80.8,27.4,31.9,1,2,2,2,41.9,1
22.4,36.0,29.2,20.4,2,1,1,2,17.9,0
28.2,88.0,28.3,29.8,1,1,2,1,30.6,0
25.3,35.8,11.7,23.3,2,2,2,2,33.8,0
35.8,75.9,6.9,45.1,1,1,1,2,52.2,1
22.7,65.7,17.7,21.2,2,1,2,2,31.6,0
22.4,38.4,14.7,20.4,2,1,1,2,15.6,0
39.6,74.6,34.9,46.5,2,2,1,2,69.3,2
22.7,83.2,12.4,23.8,1,3,2,1,27.9,0
44.9,16.1,33.2,42.9,1,1,1,2,49.6,1
41.3,78.1,23.4,53.0,1,1,3,3,89.6,3
41.5,56.9,9.5,50.6,1,2,1,1,60.6,1
27.9,20.4,20.3,25.9,2,2,3,3,55.3,1
25.4,35.5,26.4,23.4,2,2,1,2,29.8,0
31.7,18.2,22.1,29.7,2,1,1,3,44.0,1
33.7,19.9,9.5,31.700000000000003,2,2,2,2,52.8,1
41.4,40.5,22.9,43.5,1,1,1,1,44.2,1
32.6,60.5,21.2,34.3,3,1,3,2,63.9,2
23.8,79.5,22.3,23.2,2,1,2,2,27.8,0
33.2,56.1,33.4,32.1,1,3,1,2,42.5,1
34.8,39.7,16.5,34.8,3,3,2,2,73.0,2
22.9,20.2,16.3,20.9,1,3,2,2,28.8,0
34.2,29.6,27.7,32.2,2,1,2,2,44.4,1
27.0,63.8,20.8,26.4,1,1,2,2,26.9,0
43.6,63.8,7.2,55.6,3,3,2,2,100.0,3
46.0,52.8,30.3,53.6,1,1,1,2,67.1,2
40.4,51.0,16.0,45.9,1,1,2,2,64.5,2
42.2,93.0,27.3,54.2,1,2,1,2,75.7,2
26.8,44.9,12.6,25.6,2,1,2,1,29.3,0
43.7,23.5,10.0,44.7,1,1,2,2,62.9,2
47.1,18.7,23.8,45.1,2,3,2,2,78.9,2
21.0,66.2,11.1,20.3,1,3,1,1,14.6,0
40.5,41.0,27.6,41.3,2,1,1,2,55.3,1
25.4,60.8,27.2,23.4,1,2,1,1,16.7,0
41.2,20.4,27.9,39.2,2,1,3,3,65.3,2
23.5,52.5,17.2,21.5,1,2,2,2,26.0,0
40.4,16.9,5.9,39.4,2,1,2,1,48.1,1
33.4,16.3,16.4,31.4,1,2,2,2,41.1,1
32.8,61.0,22.9,34.3,2,2,3,2,58.0,1
43.4,22.0,32.4,41.4,2,3,2,2,73.2,2
30.9,37.1,16.9,29.1,3,2,2,1,47.6,1
33.8,70.4,29.1,36.3,2,1,2,1,46.1,1
42.8,16.5,9.4,41.6,2,1,1,2,54.2,1
38.0,76.6,21.0,46.6,1,3,3,1,79.9,2
41.2,31.5,8.0,43.8,1,2,3,2,65.4,2
27.8,40.2,9.6,26.9,1,1,2,2,26.5,0
46.1,32.4,13.7,50.2,1,3,2,3,85.0,3
40.3,74.2,14.6,51.7,2,1,1,2,75.6,2
42.4,22.4,7.8,43.0,3,2,1,2,74.1,2
36.1,75.0,12.5,44.4,1,3,2,2,73.5,2
25.7,24.0,17.1,23.7,1,3,2,3,35.6,0
43.1,49.7,30.0,47.4,1,3,1,2,74.7,2
29.7,52.7,33.4,27.7,1,2,1,1,23.5,0
21.8,27.5,24.9,19.8,2,1,3,3,38.5,1
37.8,44.7,15.7,40.4,1,1,3,3,64.1,2
23.4,85.3,5.6,26.4,1,1,1,2,15.6,0
45.3,36.2,12.6,50.4,2,1,3,1,84.2,3
19.4,45.2,21.8,17.4,2,1,1,3,12.9,0
20.8,94.1,5.7,23.3,2,3,3,2,50.8,1
37.1,39.9,17.5,38.0,3,1,2,2,66.5,2
36.4,72.3,17.8,43.4,2,3,1,2,74.8,2
24.8,21.6,5.1,22.8,2,3,1,2,38.0,1
23.5,67.7,12.8,23.5,3,2,2,2,47.0,1
22.0,48.8,23.8,20.0,2,3,1,3,30.8,0
29.6,18.8,8.5,27.6,1,1,1,2,23.4,0
35.2,53.7,13.3,38.7,2,3,2,2,71.1,2
24.4,64.7,20.0,23.0,1,1,2,3,23.2,0
25.7,79.6,18.1,26.8,2,2,2,2,46.3,1
33.6,20.0,14.1,31.6,2,3,1,2,48.3,1
34.5,38.7,30.8,32.5,1,1,3,1,40.4,1
44.0,55.4,15.1,53.6,3,3,1,3,100.0,3
40.0,43.3,21.8,42.3,1,3,2,3,73.2,2
28.9,33.4,33.3,26.9,2,1,1,1,21.7,0
43.3,75.1,7.0,55.3,3,2,3,2,100.0,3
46.8,90.9,11.8,58.8,3,3,3,2,100.0,3
18.0,35.1,20.3,16.0,1,3,2,3,29.9,0
19.8,47.8,6.7,18.1,3,2,3,3,46.4,1
37.4,46.3,8.4,41.5,3,1,3,2,81.7,3
44.8,24.9,26.4,43.4,3,1,2,2,73.7,2
21.5,39.9,5.4,19.8,2,1,2,2,22.9,0
21.7,74.4,17.0,20.8,1,3,3,2,35.0,0
29.4,86.3,5.7,35.9,2,2,3,2,72.6,2
41.8,75.7,9.4,53.8,1,3,2,2,85.2,3
37.9,81.9,33.8,45.1,2,2,3,2,85.6,3
39.7,37.1,10.3,42.5,2,1,3,3,77.1,2
42.2,34.4,18.3,44.0,2,2,1,2,66.4,2
39.3,59.9,29.6,43.5,1,2,3,2,68.2,2
41.8,91.3,21.0,53.8,1,2,1,2,73.4,2
45.1,48.7,15.0,53.6,2,1,2,3,86.4,3
46.2,80.1,22.7,58.2,2,2,1,2,90.0,3
18.7,90.7,5.3,20.1,3,3,2,3,48.7,1
28.3,92.9,10.2,34.1,2,1,2,3,58.6,1
25.9,78.5,8.9,28.8,2,2,1,2,35.8,0
43.3,83.5,13.0,55.3,2,2,3,2,100.0,3
42.9,23.1,25.8,40.9,2,1,2,1,54.8,1
39.2,43.0,28.6,39.6,3,2,3,2,81.2,3
21.3,61.5,32.0,19.3,2,2,2,2,25.2,0
24.0,22.2,21.7,22.0,3,1,1,2,30.5,0
34.0,46.7,32.4,32.0,1,3,3,3,60.3,1
20.5,95.0,16.6,20.8,1,2,2,2,26.2,0
32.8,81.7,34.4,35.5,1,1,2,2,45.4,1
18.6,64.0,29.7,16.6,2,2,2,2,23.6,0
43.4,61.5,22.7,52.8,3,3,2,2,100.0,3
25.9,44.6,31.7,23.9,3,1,1,3,36.1,1
22.0,83.8,34.5,20.0,1,2,1,3,20.2,0
32.3,40.1,28.6,30.299999999999997,2,2,2,2,45.2,1
34.6,93.8,17.4,44.2,2,1,2,2,61.5,2
23.1,59.8,20.4,21.1,1,1,3,1,22.0,0
38.5,20.2,25.7,36.5,2,3,2,2,61.4,2
46.3,93.9,9.1,58.3,2,2,2,2,98.8,3
35.1,85.1,33.2,40.5,1,2,2,2,61.9,2
39.4,43.7,5.9,44.5,3,2,2,2,81.8,3
40.0,34.9,21.9,40.2,2,1,1,2,51.7,1
20.7,90.7,20.9,19.9,3,1,2,2,31.5,0
22.2,42.5,5.2,20.9,1,2,3,2,31.2,0
24.8,93.9,22.9,26.0,1,2,2,1,29.7,0
36.2,93.6,4.0,48.2,1,1,3,2,75.8,2
18.8,87.4,20.6,17.0,3,3,1,2,31.3,0
23.5,32.5,13.4,21.5,3,3,2,2,49.3,1
44.4,29.2,6.9,48.0,3,1,1,2,72.5,2
46.7,90.3,28.6,58.7,1,1,1,1,67.9,2
32.9,63.3,34.9,32.5,3,3,3,2,72.5,2
29.7,50.8,5.8,31.5,2,1,1,2,38.0,1
30.1,43.7,32.2,28.1,3,3,3,2,63.7,2
43.2,22.9,19.2,42.0,2,1,2,2,60.7,1
34.4,31.1,12.6,33.5,2,1,3,2,54.4,1
31.1,21.6,2.8,29.8,1,2,2,2,43.5,1
41.1,70.9,19.4,51.5,1,3,1,2,77.1,2
45.0,58.4,23.2,54.9,2,2,1,2,87.9,3
19.6,81.0,30.8,17.6,2,2,1,2,24.3,0
39.0,87.9,5.3,51.0,3,3,2,1,94.9,3
37.2,16.2,32.4,35.2,1,2,3,1,52.6,1
25.2,80.1,29.4,23.9,3,3,3,2,58.0,1
22.3,34.7,24.1,20.3,3,1,2,3,36.5,1
36.8,31.4,31.0,34.8,2,1,2,2,48.5,1
45.0,80.3,18.1,57.0,2,2,1,2,90.2,3
31.5,68.0,9.4,36.0,2,1,3,2,60.3,1
46.3,35.5,24.5,49.5,3,1,2,2,86.7,3
35.1,23.7,5.9,34.4,3,3,3,2,75.2,2
47.9,52.5,5.6,59.9,1,3,1,2,92.4,3
42.2,34.3,22.3,43.2,2,1,2,1,64.3,2
23.7,31.8,12.5,21.7,2,3,1,3,34.9,0
45.7,43.0,8.6,54.1,2,1,1,2,79.4,2
23.8,67.6,16.5,23.1,3,1,1,2,30.8,0
34.7,26.5,33.8,32.7,1,2,2,2,43.3,1
46.0,44.6,6.7,55.5,1,1,1,2,71.5,2
42.4,76.5,5.9,54.4,1,2,2,1,75.3,2
46.1,66.6,11.3,58.1,2,1,2,2,87.8,3
36.4,42.6,34.6,34.4,2,3,1,2,53.6,1
37.1,28.9,33.9,35.1,3,3,1,1,59.9,1
42.2,26.5,17.2,42.1,2,2,1,2,63.6,2
46.3,48.7,15.8,55.6,2,1,1,2,78.7,2
27.8,46.9,25.9,25.8,1,1,1,1,16.6,0
36.6,87.0,20.1,46.3,2,1,2,2,68.3,2
22.2,23.7,23.5,20.2,1,3,2,2,29.6,0
34.6,27.5,14.7,32.7,2,1,2,2,47.0,1
29.6,68.4,11.0,32.8,2,2,1,2,46.0,1
30.3,52.5,30.6,28.3,1,3,1,3,38.9,1
36.4,73.8,30.9,41.1,2,2,1,1,56.1,1
43.6,40.1,31.8,45.2,1,1,1,3,58.3,1
28.9,87.7,21.3,32.2,3,1,2,2,56.1,1
45.0,27.2,15.7,46.5,2,2,1,2,72.2,2
32.1,93.7,24.8,38.0,3,3,2,1,67.1,2
22.1,45.5,14.5,20.1,1,1,2,3,22.2,0
45.9,61.8,8.0,57.9,3,3,3,2,100.0,3
44.6,20.5,6.5,45.7,1,1,1,3,55.0,1
41.7,68.5,33.7,49.3,1,2,3,1,72.8,2
18.5,86.3,15.8,17.5,1,3,1,2,13.4,0
33.6,88.3,18.2,41.2,3,1,1,2,60.2,1
19.2,75.0,27.1,17.2,2,1,2,1,14.4,0
47.3,64.9,26.2,59.3,1,1,3,2,97.0,3
38.9,41.9,28.5,38.9,3,2,2,2,72.5,2
46.3,72.5,20.2,58.3,2,1,3,3,100.0,3
27.6,55.7,5.7,29.3,3,3,1,1,50.2,1
29.2,27.3,28.4,27.2,2,3,1,1,38.3,1
36.5,27.5,22.7,34.5,3,1,3,2,60.0,1
21.2,24.8,25.2,19.2,1,2,1,1,8.4,0
41.7,33.6,3.6,45.9,1,1,2,2,62.2,2
23.9,94.0,22.0,24.8,1,1,2,3,30.7,0
18.2,29.1,8.5,16.2,1,2,3,2,22.4,0
39.1,21.1,8.2,38.4,1,3,1,2,50.9,1
33.2,37.8,16.1,32.4,3,2,2,2,58.1,1
47.0,35.1,26.9,50.0,1,1,1,2,59.2,1
20.4,76.2,25.6,18.4,1,2,1,2,8.6,0
45.5,43.9,24.5,50.9,2,1,1,3,73.3,2
32.4,55.0,27.2,31.9,1,3,1,2,43.3,1
19.3,43.2,17.3,17.3,2,3,3,3,37.5,1
31.6,26.4,26.8,29.6,2,1,1,2,35.1,0
47.7,65.6,15.2,59.7,1,2,2,1,86.7,3
20.8,46.3,6.9,19.2,1,1,1,2,6.3,0
46.7,58.9,9.5,58.7,2,2,2,3,100.0,3
19.8,91.9,4.2,22.0,1,1,1,2,17.8,0
46.3,79.3,15.7,58.3,1,1,1,2,76.5,2
21.7,25.4,11.3,19.7,2,3,3,2,39.6,1
47.1,20.0,16.8,46.8,2,1,1,2,66.3,2
45.5,92.8,28.0,57.5,2,2,1,1,83.5,3
21.8,40.7,22.9,19.8,3,1,2,2,32.5,0
32.1,16.6,18.9,30.1,1,2,2,1,32.2,0
32.7,63.2,31.4,32.9,3,1,2,2,55.3,1
22.3,82.8,3.9,24.9,1,2,1,3,26.5,0
32.5,26.7,11.0,30.7,1,3,2,2,48.5,1
46.7,62.8,6.0,58.7,2,2,1,2,89.0,3
26.5,78.3,16.0,28.3,3,1,1,1,38.1,1
40.9,21.3,17.3,39.0,3,1,2,2,66.4,2
35.8,75.7,5.6,45.3,1,1,2,2,61.8,2
46.7,24.9,30.6,45.3,2,1,1,2,63.3,2
34.5,65.3,23.3,37.7,1,1,3,1,48.8,1
35.1,85.7,3.8,46.3,2,1,1,1,62.1,2
22.5,56.8,33.0,20.5,1,2,3,2,25.9,0
32.8,58.6,19.3,34.6,2,1,1,3,50.1,1
42.4,50.9,5.8,51.3,3,1,1,2,80.2,2
43.3,33.0,3.4,48.2,1,1,1,3,64.1,2
33.0,40.8,26.9,31.0,2,1,2,2,41.5,1
34.5,18.2,21.5,32.5,1,2,1,2,33.7,0
35.4,44.4,31.7,33.6,1,1,2,3,45.0,1
34.7,55.9,7.3,39.4,1,2,1,2,47.5,1
25.8,24.5,11.4,23.8,1,2,2,2,27.1,0
19.2,79.4,26.5,17.2,3,1,2,2,27.5,0
43.0,68.9,31.3,52.5,3,1,1,2,78.4,2
25.6,55.9,12.2,25.3,1,1,1,2,16.0,0
39.6,72.6,17.1,49.5,1,2,3,2,78.0,2
38.0,90.0,4.6,50.0,1,1,1,1,55.1,1
18.3,36.9,2.0,16.5,2,2,3,1,22.9,0
47.1,74.3,14.3,59.1,1,2,1,1,82.6,3
21.6,26.3,17.1,19.6,3,3,3,1,40.8,1
41.8,85.4,32.8,53.8,1,1,2,2,71.8,2
44.6,70.6,11.0,56.6,1,2,1,2,81.0,3
29.3,18.0,16.3,27.3,2,1,1,3,37.2,1
37.7,91.8,30.9,47.4,2,2,1,2,68.9,2
23.6,70.2,28.7,21.6,3,1,2,3,33.8,0
34.8,71.2,28.1,38.4,2,2,1,1,47.6,1
34.3,44.9,31.8,32.3,2,2,1,2,48.2,1
30.2,61.4,14.3,32.1,3,2,1,2,55.3,1
30.2,91.9,4.9,38.2,1,1,3,2,53.0,1
31.5,58.1,24.5,31.6,3,1,3,3,65.9,2
37.0,74.6,30.1,42.5,2,3,2,3,82.9,3
29.9,80.9,31.1,31.1,3,2,2,2,57.5,1
46.3,74.2,24.6,58.3,2,1,1,3,93.7,3
29.2,90.0,19.3,33.4,3,1,1,2,48.7,1
37.2,51.3,29.5,38.2,3,1,1,2,56.2,1
33.1,23.6,6.8,31.7,1,3,1,2,43.1,1
20.9,80.2,2.8,22.9,1,1,1,2,11.0,0
20.1,35.3,33.4,18.1,2,1,2,2,19.4,0
24.3,49.3,21.5,22.3,2,2,1,2,29.1,0
18.9,40.6,3.0,17.2,2,3,1,2,26.7,0
36.6,43.1,34.1,34.7,2,1,1,2,45.3,1
45.2,53.0,19.9,54.2,1,2,2,3,84.2,3
25.2,93.7,3.1,30.5,1,2,3,2,48.7,1
30.3,15.8,6.2,28.3,3,2,3,2,56.8,1
38.9,46.1,32.5,39.1,2,1,2,2,57.9,1
32.7,87.2,11.7,40.6,1,1,1,1,43.4,1
24.0,53.9,2.2,24.9,2,3,3,2,55.4,1
19.3,29.6,13.2,17.3,2,3,1,2,22.1,0
21.0,26.1,26.4,19.0,3,2,2,2,30.6,0
39.0,16.6,19.3,37.0,2,2,1,2,52.6,1
30.7,20.2,10.7,28.7,3,1,2,3,55.4,1
45.2,85.0,6.0,57.2,1,2,2,2,91.0,3
25.9,20.3,28.1,23.9,1,1,2,2,22.6,0
22.4,25.7,25.1,20.4,1,1,2,1,9.6,0
18.3,85.4,6.5,18.9,3,3,3,1,40.8,1
32.2,53.3,5.3,35.6,1,2,2,3,55.5,1
33.3,83.9,4.2,42.6,2,3,2,2,77.3,2
40.6,82.2,13.9,52.6,1,1,1,2,70.3,2
18.8,68.7,32.7,16.8,1,2,3,2,19.7,0
21.8,64.2,28.1,19.8,3,2,2,1,30.6,0
41.2,49.6,3.0,49.4,1,1,3,1,69.3,2
37.2,44.6,15.0,39.6,2,3,3,2,75.7,2
27.2,90.9,18.9,30.3,1,3,2,2,45.7,1
45.7,63.4,23.8,57.7,2,1,1,2,82.8,3
36.9,35.1,10.9,38.0,1,1,2,2,50.5,1
45.2,87.6,20.7,57.2,1,1,3,2,87.9,3
30.7,67.7,27.4,31.2,3,1,2,2,52.8,1
38.6,43.9,19.9,40.6,1,2,2,1,52.9,1
37.2,31.5,28.1,35.2,3,1,2,2,53.9,1
25.4,53.7,10.9,25.0,2,2,1,2,31.5,0
42.4,93.7,2.1,54.4,1,3,3,2,100.0,3
47.7,61.7,11.1,59.7,2,1,1,2,91.4,3
32.3,46.0,5.9,34.5,1,1,3,1,43.3,1
43.4,37.2,20.1,46.3,1,2,3,2,77.4,2
35.0,15.8,13.1,33.0,2,1,2,2,52.1,1
36.5,60.6,10.8,42.6,2,3,1,2,68.6,2
42.2,81.0,8.7,54.2,2,3,1,2,91.8,3
47.4,36.6,18.0,52.9,1,3,1,2,80.6,2
24.6,23.6,9.9,22.6,1,2,2,2,27.6,0
24.4,23.0,4.7,22.4,2,1,2,2,26.1,0
34.2,36.7,31.1,32.2,2,2,2,2,49.9,1
33.0,64.3,29.7,33.9,2,1,2,2,47.9,1
41.6,31.6,12.4,43.5,2,1,1,2,56.6,1
36.0,52.6,2.8,41.7,3,1,2,2,71.4,2
28.4,45.5,18.2,26.7,2,3,1,2,38.3,1
24.9,44.3,34.9,22.9,2,1,3,2,32.1,0
43.4,93.3,14.0,55.4,2,1,3,1,86.7,3
38.9,19.0,4.6,38.3,3,1,1,3,61.5,2
24.9,39.9,19.2,22.9,1,1,1,2,19.3,0
41.5,91.3,33.1,53.5,1,2,3,3,94.3,3
23.9,72.0,4.2,26.1,1,3,1,1,31.1,0
31.9,75.9,25.9,34.7,1,3,1,1,44.7,1
33.4,16.7,18.6,31.4,1,1,1,1,20.8,0
22.0,83.9,29.5,20.0,2,1,1,1,13.1,0
37.2,75.4,4.2,48.1,1,1,2,2,67.4,2
38.3,46.6,19.9,40.7,2,2,3,3,76.8,2
39.6,74.9,26.8,48.2,2,1,2,2,77.1,2
42.1,31.6,21.8,42.4,1,1,2,2,54.2,1
27.4,30.9,2.5,26.6,2,2,1,3,41.2,1
41.7,74.9,23.4,53.0,1,1,1,2,65.3,2
32.0,52.2,31.1,30.1,2,1,1,3,40.9,1
44.9,88.8,11.7,56.9,1,1,1,2,71.9,2
28.6,56.0,17.7,28.4,3,3,2,2,60.1,1
23.8,88.8,7.5,27.0,3,1,2,2,45.9,1
33.6,16.9,15.3,31.6,2,1,2,2,44.8,1
19.5,56.4,6.1,18.5,2,1,2,1,16.6,0
35.0,20.4,33.9,33.0,3,1,2,2,51.0,1
39.7,36.4,6.7,43.1,3,1,1,2,68.2,2
46.6,30.6,20.8,49.0,2,3,1,2,81.4,3
25.7,88.3,2.0,30.9,1,3,1,2,42.8,1
47.4,89.0,18.3,59.4,1,1,3,2,94.7,3
47.4,83.0,33.5,59.4,1,2,3,3,100.0,3
33.8,68.4,29.6,35.9,2,2,3,2,68.5,2
25.4,80.2,16.3,26.8,1,3,1,3,38.7,1
35.8,79.1,10.5,45.0,3,2,3,2,89.6,3
46.7,52.1,7.1,58.7,1,2,1,2,82.3,3
20.4,28.0,17.9,18.4,3,1,1,3,27.8,0
31.1,80.2,7.1,37.6,2,1,3,1,57.7,1
32.8,91.7,21.4,39.6,2,3,1,2,69.0,2
22.9,27.7,12.8,20.9,1,1,1,2,13.3,0
32.8,22.4,34.0,30.799999999999997,3,2,3,1,59.2,1
23.3,25.7,34.5,21.3,1,2,3,2,30.3,0
44.8,41.4,3.3,53.1,2,3,2,3,99.9,3
23.8,28.6,14.9,21.8,3,1,2,2,30.2,0
26.5,20.2,22.0,24.5,1,2,2,1,23.9,0
36.2,70.1,3.1,45.4,3,2,2,3,86.4,3
26.8,71.5,15.2,28.1,3,1,3,2,55.5,1
27.8,34.3,6.9,26.7,1,1,2,1,24.8,0
22.5,20.9,27.4,20.5,2,2,2,2,32.2,0
21.7,66.5,33.1,19.7,2,2,3,2,35.4,0
22.7,30.3,4.2,20.7,1,3,1,1,17.0,0
32.9,67.7,15.1,37.1,2,1,1,2,49.9,1
27.4,88.2,20.7,30.0,2,1,2,3,46.1,1
30.5,54.0,34.6,28.5,1,3,1,2,41.2,1
39.6,48.4,27.4,41.8,2,2,3,2,74.4,2
18.1,53.6,29.2,16.1,2,1,1,2,9.3,0
33.9,86.2,34.8,38.1,2,2,2,3,64.2,2
42.0,51.4,25.7,46.9,2,2,2,1,71.8,2
36.8,78.3,17.7,45.3,3,3,3,2,98.4,3
24.9,40.2,21.5,22.9,2,1,2,1,24.5,0
25.6,36.2,19.5,23.6,1,3,2,2,39.5,1
30.9,91.7,28.5,34.8,1,3,2,2,48.1,1
41.8,66.2,12.1,53.1,2,1,3,2,90.1,3
37.8,38.0,5.8,40.9,1,3,2,2,63.6,2
38.6,21.4,23.3,36.6,3,1,1,2,54.0,1
25.7,67.6,24.2,24.3,2,3,1,1,36.1,1
27.3,58.4,20.1,26.4,1,3,3,3,54.5,1
18.1,34.2,27.7,16.1,2,3,3,1,29.4,0
41.0,77.4,17.4,53.0,1,2,1,1,69.4,2
41.7,43.3,14.8,46.3,1,3,2,3,75.1,2
41.0,94.4,7.4,53.0,1,2,2,1,71.5,2
47.7,75.6,13.6,59.7,1,1,2,1,77.5,2
24.4,30.2,23.0,22.4,2,2,1,3,31.6,0
24.8,67.6,32.1,22.8,2,2,1,2,27.9,0
31.6,15.3,13.7,29.6,3,3,2,2,61.6,2
43.1,92.6,30.4,55.1,1,3,2,2,91.8,3
32.8,94.7,26.0,39.2,1,2,1,3,55.1,1
27.5,40.0,29.1,25.5,1,3,1,2,31.8,0
25.7,45.4,7.1,25.3,1,1,1,2,17.8,0
20.3,39.7,11.9,18.3,1,3,1,2,21.5,0
36.1,83.1,14.0,45.7,1,1,1,3,55.6,1
23.5,32.0,28.4,21.5,1,1,3,2,20.5,0
42.3,58.9,21.1,50.3,2,1,2,2,76.9,2
44.9,75.2,3.3,56.9,3,1,2,2,98.9,3
46.5,62.1,5.5,58.5,2,1,1,2,86.2,3
25.9,62.3,20.5,24.8,2,1,1,2,20.7,0
36.9,16.3,9.2,34.9,2,1,3,3,60.3,1
33.3,94.2,2.2,44.7,2,1,2,2,69.3,2
19.8,31.9,24.0,17.8,1,2,1,2,13.5,0
35.7,87.9,11.5,46.4,1,3,1,2,66.4,2
47.3,47.4,8.3,58.5,1,1,1,2,75.5,2
21.6,68.7,6.4,22.2,1,3,2,2,31.0,0
24.5,91.8,21.0,25.7,2,2,3,1,40.6,1
21.2,31.5,6.8,19.2,2,2,3,2,32.0,0
38.4,50.5,8.7,43.9,2,1,1,3,66.6,2
43.7,68.0,18.2,55.7,3,1,1,2,91.2,3
43.0,74.9,19.3,55.0,1,1,1,2,75.3,2
23.3,76.5,17.6,23.1,2,1,2,2,29.4,0
43.9,82.2,33.8,55.9,1,1,2,1,76.9,2
41.4,66.6,14.7,51.9,3,2,2,1,89.8,3
25.6,22.9,30.4,23.6,2,1,2,1,27.5,0
46.7,23.6,31.7,44.7,1,1,3,3,74.1,2
45.7,88.7,22.7,57.7,3,1,3,2,100.0,3
38.7,59.3,20.7,44.1,1,1,1,2,52.1,1
42.1,61.9,22.8,50.4,2,3,2,2,88.4,3
29.4,65.0,31.4,28.1,1,3,1,2,32.3,0
30.9,60.0,24.8,30.9,1,3,1,3,44.6,1
24.1,48.0,34.9,22.1,1,2,3,2,35.1,0
24.6,22.7,10.5,22.6,3,1,3,2,46.4,1
44.7,86.4,5.1,56.7,3,2,1,2,93.3,3
46.1,34.3,17.7,50.1,1,1,2,2,67.4,2
45.8,54.2,34.7,52.8,2,3,1,2,88.1,3
18.0,70.7,32.8,16.0,2,2,1,2,18.6,0
47.4,60.7,24.0,59.4,1,3,1,1,88.5,3
23.9,38.6,4.0,22.9,2,2,1,2,32.1,0
39.7,44.3,27.0,41.0,2,3,2,2,74.1,2
29.3,28.7,3.2,28.5,1,3,2,1,36.6,1
22.7,20.9,15.7,20.7,2,2,1,2,22.7,0
33.9,87.1,21.5,40.9,3,2,1,2,63.2,2
42.9,62.5,23.8,51.9,1,1,1,3,69.0,2
36.2,89.1,28.3,44.3,3,1,1,2,69.1,2
31.9,22.3,21.2,29.9,2,1,1,2,29.6,0
34.8,46.6,23.4,34.8,2,3,1,1,49.2,1
44.3,78.9,9.9,56.3,1,3,2,1,86.9,3
33.8,22.5,10.6,31.799999999999997,2,3,1,2,49.6,1
43.1,26.2,28.1,41.1,2,1,1,2,51.5,1
20.4,75.8,17.2,19.0,2,3,1,1,23.5,0
18.3,17.2,23.9,16.3,1,3,1,2,14.2,0
35.6,21.6,8.3,34.1,3,1,2,2,52.4,1
29.1,78.0,26.7,30.2,2,2,3,2,52.9,1
33.1,38.2,11.6,33.2,1,2,1,2,34.4,0
34.2,38.0,19.2,33.2,2,1,3,2,53.8,1
29.4,18.2,16.3,27.4,1,2,1,2,27.4,0
25.4,42.6,13.3,23.4,1,2,2,2,26.0,0
22.5,36.6,9.5,20.5,1,2,1,3,19.8,0
41.6,45.0,3.4,48.8,2,2,1,2,70.3,2
34.7,64.4,28.0,37.0,1,2,2,3,59.8,1
45.7,29.8,4.1,50.6,1,1,1,2,64.3,2
34.7,57.3,2.2,40.7,2,1,3,1,61.8,2
46.5,54.9,32.7,54.8,2,1,2,2,88.1,3
22.6,20.2,25.0,20.6,2,1,1,2,18.5,0
38.1,73.4,15.5,47.2,1,1,2,2,61.8,2
33.8,32.1,12.2,33.0,2,1,3,3,62.0,2
26.7,93.6,14.9,30.6,1,2,2,3,48.1,1
24.9,69.1,13.2,25.5,2,1,3,3,46.2,1
18.7,21.8,14.4,16.7,2,1,1,2,11.8,0
45.5,76.8,26.1,57.5,1,2,2,1,81.4,3
47.5,41.5,34.1,51.7,2,3,1,2,89.4,3
19.7,83.2,9.9,20.1,3,1,2,2,32.7,0
42.9,35.6,12.4,46.5,2,1,1,1,60.2,1
36.0,57.1,25.8,38.1,2,2,2,1,57.8,1
35.8,65.5,8.5,42.8,1,1,1,2,53.3,1
39.7,91.5,32.3,51.2,2,2,2,2,82.5,3
29.7,51.9,18.5,29.2,2,2,3,3,59.8,1
42.6,94.8,3.0,54.6,1,2,1,1,72.0,2
35.9,88.9,10.1,47.2,1,1,2,2,63.1,2
21.6,73.0,15.7,20.7,1,2,1,2,22.7,0
41.8,25.7,3.9,43.9,1,1,1,2,51.9,1
34.2,33.1,15.1,33.1,2,3,2,2,57.1,1
30.2,28.6,25.9,28.2,3,2,2,1,45.2,1
30.5,22.4,32.8,28.5,2,3,1,2,44.6,1
30.2,74.8,29.4,31.0,2,2,1,2,40.3,1
41.7,18.7,24.9,39.7,1,1,2,1,47.7,1
19.3,30.4,34.7,17.3,2,1,1,3,21.0,0
18.8,27.3,17.0,16.8,1,2,1,1,6.5,0
24.6,86.8,13.7,26.8,3,2,1,2,38.0,1
30.7,59.9,31.8,29.2,2,3,3,2,59.6,1
46.9,24.3,12.0,49.0,2,2,3,2,87.8,3
43.9,88.0,26.3,55.9,2,1,1,2,82.8,3
36.4,24.9,5.4,36.3,1,2,1,3,41.1,1
35.4,20.2,11.5,33.4,2,3,2,2,59.4,1
25.7,79.6,15.3,27.4,2,2,3,2,46.7,1
44.1,67.5,29.4,54.7,2,2,2,2,88.9,3
40.8,83.3,5.0,52.8,2,1,2,2,80.5,2
22.4,60.2,11.7,21.5,2,3,2,2,35.8,0
43.7,91.3,31.4,55.7,1,3,3,2,99.7,3
30.9,60.1,33.7,29.2,1,2,1,2,26.9,0
22.7,66.2,17.1,21.4,2,3,2,1,33.8,0
47.8,33.2,22.0,51.6,1,2,3,2,88.6,3
45.0,56.6,23.7,54.2,2,1,3,2,94.5,3
30.2,68.1,34.4,29.1,3,2,2,1,49.0,1
42.1,77.7,15.4,54.1,2,2,1,2,86.6,3
35.2,42.6,22.8,34.7,3,1,2,3,64.8,2
20.9,81.4,31.1,18.9,2,3,1,2,27.7,0
43.3,77.2,15.2,55.3,1,2,2,3,89.6,3
26.2,86.9,30.2,26.1,3,1,2,1,36.1,1
36.0,87.6,14.8,46.2,3,1,3,2,83.1,3
24.1,21.5,8.4,22.1,2,3,3,1,43.7,1
19.7,66.9,4.6,19.9,2,1,2,1,17.6,0
30.2,29.2,22.8,28.2,1,2,2,2,38.9,1
24.6,37.4,2.6,23.9,2,1,1,1,21.8,0
39.4,50.9,6.6,46.1,2,3,2,2,80.8,2
20.8,84.8,25.9,18.8,3,3,3,3,56.1,1
35.0,89.6,4.2,46.7,2,1,3,2,78.1,2
24.0,51.3,4.9,24.1,1,3,1,3,39.6,1
24.1,88.3,15.2,25.9,2,3,2,2,51.7,1
38.3,21.3,7.4,37.6,1,1,2,3,52.1,1
47.4,40.4,17.4,54.4,2,3,1,1,80.5,2
34.4,39.6,21.6,33.3,2,1,2,1,44.2,1
43.9,38.5,3.4,50.7,3,1,1,1,71.2,2
43.0,46.9,19.6,48.5,3,3,2,2,96.0,3
33.4,88.2,4.5,43.4,3,2,3,3,87.7,3
21.1,30.5,19.1,19.1,3,1,2,2,27.5,0
32.7,73.5,22.0,36.4,1,1,3,3,52.2,1
43.4,29.2,24.5,43.1,1,1,1,2,48.9,1
46.8,16.8,27.9,44.8,2,2,2,2,77.0,2
39.0,47.2,33.0,39.4,1,1,2,1,45.4,1
41.8,44.2,2.1,49.2,2,1,3,1,76.6,2
22.8,94.4,24.4,22.7,2,1,1,3,24.8,0
46.1,69.9,15.4,58.1,1,1,2,3,92.1,3
27.8,46.8,17.1,26.2,2,1,2,2,36.2,1
26.1,49.4,22.1,24.1,1,2,1,1,17.5,0
27.9,17.7,22.0,25.9,2,2,2,3,44.8,1
35.9,70.3,18.7,41.9,1,1,3,2,61.7,2
36.9,66.8,11.4,44.4,2,2,2,3,75.5,2
45.4,70.6,16.6,57.4,1,1,3,2,88.6,3
41.1,67.5,2.9,53.1,2,1,2,3,89.2,3
19.9,65.2,34.1,17.9,2,2,1,1,9.9,0
33.2,72.5,7.1,39.9,3,1,2,2,63.5,2
40.5,78.2,19.6,52.2,2,1,2,2,82.2,3
38.9,85.6,23.9,49.8,3,2,1,2,81.9,3
28.0,51.5,3.3,29.8,2,1,3,1,43.1,1
26.0,29.6,19.3,24.0,2,1,1,3,23.9,0
36.3,29.9,10.1,36.3,3,2,2,3,73.1,2
24.7,90.2,20.0,26.0,3,2,1,2,36.8,1
25.8,69.8,32.2,23.8,1,2,2,3,36.1,1
29.7,92.5,7.7,36.9,3,1,2,2,67.4,2
36.2,69.9,5.4,45.0,3,3,1,2,81.2,3
37.4,56.5,33.6,38.8,3,2,1,2,64.9,2
32.6,69.4,29.2,34.1,1,1,2,1,34.6,0
35.3,89.1,5.7,46.9,2,1,1,2,62.3,2
39.1,61.6,10.9,47.2,1,3,1,2,68.3,2
27.8,41.2,5.5,27.8,2,1,3,3,52.1,1
32.3,82.7,19.3,37.7,1,1,3,1,51.4,1
43.4,70.8,23.2,55.4,1,3,2,1,85.8,3
28.6,51.5,22.3,26.9,3,1,2,2,47.8,1
21.9,53.2,11.0,20.4,1,3,2,3,34.8,0
28.4,28.0,6.5,26.7,1,3,3,2,48.7,1
41.2,55.5,28.1,46.1,2,1,1,1,59.4,1
32.8,42.0,13.1,33.1,2,2,2,2,47.7,1
41.9,40.4,25.5,43.8,2,1,1,3,61.0,2
45.3,92.4,28.8,57.3,2,1,1,3,89.3,3
42.0,44.8,9.6,48.2,2,1,3,1,75.9,2
44.3,85.6,29.3,56.3,2,3,1,1,88.6,3
24.1,65.6,20.3,22.6,1,1,1,3,18.8,0
33.7,45.6,21.4,33.4,3,1,2,3,62.5,2
31.5,66.0,16.6,34.3,3,2,1,1,51.2,1
29.0,56.2,26.4,27.3,1,1,1,3,22.3,0
23.2,58.5,28.9,21.2,2,1,1,2,18.0,0
22.3,82.3,2.2,25.2,1,1,1,1,14.5,0
25.9,27.8,25.7,23.9,2,1,1,2,24.6,0
33.6,22.0,17.0,31.6,2,3,2,2,56.4,1
36.8,53.7,14.5,40.9,3,3,1,2,71.8,2
33.3,77.0,24.1,37.6,2,3,2,2,64.8,2
23.4,50.2,6.0,23.0,2,1,2,1,26.0,0
41.6,73.3,32.6,50.6,2,3,3,3,100.0,3
35.3,60.3,22.3,38.3,2,3,3,2,76.9,2
42.0,67.6,21.3,52.1,2,1,2,2,83.2,3
39.1,34.6,21.1,39.0,3,1,2,2,69.0,2
30.5,54.1,23.3,29.7,2,3,1,3,49.6,1
35.1,35.9,10.4,35.8,3,2,2,2,71.8,2
23.4,50.7,29.2,21.4,3,1,1,1,22.9,0
25.4,87.1,17.5,27.3,2,1,1,2,30.1,0
44.9,41.2,21.1,49.7,2,3,1,1,78.7,2
21.0,78.5,15.1,20.5,2,3,2,1,27.6,0
44.5,36.2,20.3,47.7,2,3,3,2,89.2,3
28.5,31.8,26.4,26.5,2,1,2,1,30.2,0
37.1,46.5,4.0,42.0,3,2,3,2,84.8,3
27.1,88.8,23.3,29.0,3,3,2,1,56.7,1
20.0,81.8,7.4,20.9,1,2,3,3,36.6,1
35.3,77.3,26.1,40.8,2,1,1,2,54.2,1
32.3,67.3,26.3,33.9,1,2,1,1,32.2,0
24.3,62.5,5.1,25.6,3,1,1,1,31.1,0
22.6,31.6,5.9,20.6,2,2,2,2,30.2,0
36.2,74.7,4.9,46.0,1,1,1,1,49.7,1
21.6,72.7,16.7,20.5,2,2,3,2,39.0,1
36.7,73.4,3.2,47.0,2,1,1,2,64.5,2
37.8,51.4,30.9,38.9,3,2,1,2,64.4,2
26.5,78.2,24.5,26.6,2,1,1,1,24.6,0
37.9,93.6,7.0,49.9,1,1,3,2,75.7,2
47.0,72.7,29.7,59.0,1,2,2,3,94.5,3
24.4,68.4,21.7,23.1,1,2,2,1,27.6,0
21.6,37.0,16.0,19.6,1,1,1,2,11.7,0
45.7,32.0,2.9,51.6,3,3,2,1,100.0,3
30.7,43.9,7.3,31.7,1,1,1,2,29.3,0
19.8,72.5,33.8,17.8,2,3,1,2,26.1,0
37.5,87.1,13.3,49.4,1,3,3,2,89.0,3
37.3,32.7,25.4,35.3,1,1,1,2,38.3,1
32.9,88.1,23.1,38.9,1,3,1,1,48.2,1
31.3,69.2,34.9,30.9,1,1,1,2,27.0,0
43.1,35.1,16.3,45.9,1,2,2,2,68.4,2
33.4,18.1,2.9,31.9,3,2,2,1,50.6,1
20.7,27.9,19.0,18.7,2,2,3,2,36.8,1
31.4,26.9,3.0,30.9,2,3,2,2,55.5,1
31.6,34.7,17.2,29.6,1,1,1,3,31.6,0
28.8,57.5,11.1,30.1,1,3,1,2,42.0,1
23.5,57.5,19.4,21.5,1,1,2,2,18.8,0
18.9,24.6,2.2,16.9,1,2,3,2,19.2,0
45.6,50.2,10.4,55.9,2,1,3,1,92.9,3
35.6,57.0,29.4,36.8,2,1,1,3,49.7,1
27.3,41.4,21.4,25.3,2,2,1,2,33.6,0
38.0,24.9,10.3,37.4,1,2,2,2,53.8,1
39.4,75.6,30.3,47.3,2,1,1,2,65.4,2
47.9,20.3,27.9,45.9,1,2,2,3,71.8,2
42.7,89.3,15.0,54.7,2,3,2,2,100.0,3
24.0,62.2,24.6,22.0,3,1,2,2,33.1,0
21.0,32.3,11.5,19.0,1,1,1,2,8.1,0
23.2,40.8,8.0,21.5,2,3,2,2,33.5,0
47.9,50.7,2.5,59.9,2,3,1,2,97.7,3
47.6,67.8,2.9,59.6,2,2,3,2,100.0,3
19.6,27.7,24.0,17.6,1,3,2,1,19.2,0
45.9,89.9,33.1,57.9,2,1,2,2,88.8,3
44.5,77.4,16.8,56.5,1,1,3,3,91.8,3
39.9,58.0,22.7,45.5,3,3,2,3,98.4,3
45.8,86.5,12.0,57.8,1,2,2,3,89.3,3
28.7,56.1,32.6,26.7,2,1,2,2,37.2,1
42.4,35.8,3.5,47.6,2,1,1,3,71.4,2
43.3,45.4,4.8,51.5,2,1,2,1,78.2,2
38.2,62.2,28.1,42.4,2,1,3,1,70.3,2
39.8,46.4,33.1,40.5,2,3,2,1,69.8,2
39.4,35.7,28.1,38.3,2,1,1,1,45.2,1
45.0,66.4,7.8,57.0,1,3,2,2,93.0,3
21.2,89.5,21.2,20.5,3,2,2,1,35.6,0
37.2,85.8,32.6,44.8,2,1,2,2,68.3,2
36.4,17.0,17.0,34.4,1,1,1,2,36.5,1
21.1,26.4,34.4,19.1,1,2,3,2,25.7,0
33.1,60.9,28.0,33.8,1,2,2,2,46.1,1
36.4,85.4,6.5,48.2,1,1,3,2,70.3,2
30.7,64.9,4.1,35.3,1,1,3,2,51.2,1
40.7,73.0,13.8,52.4,2,2,3,3,100.0,3
21.2,32.1,25.8,19.2,3,1,3,1,29.3,0
25.6,59.5,5.1,27.0,1,3,1,1,29.9,0
27.1,26.6,6.1,25.1,1,1,1,1,11.7,0
26.7,17.3,20.7,24.7,2,1,2,2,35.6,0
41.2,25.1,10.5,41.6,2,2,2,2,66.3,2
46.7,73.4,30.6,58.7,2,2,1,1,86.9,3
47.9,78.0,29.7,59.9,2,3,2,3,100.0,3
34.4,64.3,19.8,38.0,3,1,3,2,69.0,2
45.9,45.5,12.3,54.5,3,1,1,2,84.9,3
27.4,67.8,5.7,30.4,2,2,2,1,42.2,1
28.8,70.8,14.6,31.2,2,1,1,1,29.1,0
38.5,19.9,29.5,36.5,2,2,3,2,65.3,2
39.3,25.1,19.0,37.5,1,1,1,2,42.5,1
19.5,62.5,23.5,17.5,1,1,2,2,12.0,0
29.3,45.0,30.6,27.3,2,2,2,2,44.6,1
32.9,19.0,28.0,30.9,1,1,2,2,33.1,0
40.7,42.2,31.5,41.2,2,2,1,2,61.9,2
24.6,77.5,28.6,22.9,1,1,3,2,29.4,0
41.5,83.3,8.1,53.5,2,2,1,2,78.0,2
28.0,63.7,9.6,30.1,1,2,2,1,35.4,0
26.8,92.1,28.3,28.0,2,3,2,2,51.4,1
30.0,76.1,22.2,32.3,1,1,1,2,32.7,0
47.2,55.3,33.6,56.1,2,2,1,1,84.0,3
40.8,93.4,2.5,52.8,2,2,1,2,82.9,3
44.2,28.8,21.7,44.7,3,1,2,1,71.0,2
42.1,50.7,34.8,45.1,2,1,1,3,70.4,2
45.6,19.3,19.4,44.1,1,2,2,2,66.8,2
28.4,62.1,14.7,29.4,2,1,2,3,43.9,1
25.9,56.1,12.2,25.7,1,2,2,2,30.1,0
44.4,44.0,26.8,48.6,3,1,2,2,82.3,3
37.6,42.1,6.8,41.2,1,3,1,3,66.0,2
22.6,72.0,16.8,21.8,2,2,2,3,36.4,1
42.5,21.8,16.5,41.3,2,2,1,2,57.8,1
37.2,74.4,18.1,45.2,1,3,2,2,73.4,2
32.2,72.1,23.6,35.0,1,3,2,2,55.5,1
25.4,18.3,12.9,23.4,2,1,2,2,30.2,0
33.1,26.6,22.6,31.1,1,3,3,1,53.5,1
43.7,84.1,28.0,55.7,2,2,2,2,91.8,3
45.2,82.4,13.4,57.2,1,1,3,3,94.9,3
25.8,49.2,29.3,23.8,1,2,1,1,15.0,0
39.1,59.2,2.5,48.3,2,2,3,2,86.5,3
25.2,62.7,6.9,26.5,2,2,2,3,45.9,1
35.0,49.0,21.3,35.9,2,1,3,2,54.7,1
19.8,94.5,12.4,20.6,2,1,2,2,23.4,0
29.3,17.9,5.0,27.3,2,2,2,2,43.2,1
25.6,36.4,31.9,23.6,3,2,2,1,39.4,1
21.1,93.1,34.5,19.1,2,1,1,3,23.2,0
46.3,60.3,34.5,55.9,2,2,1,2,88.6,3
21.6,80.3,2.5,23.9,1,3,1,2,26.9,0
29.6,49.7,5.8,31.3,3,2,2,2,53.7,1
32.4,45.9,2.4,35.3,1,1,1,2,34.5,0
26.7,88.4,9.8,31.0,2,3,2,2,58.0,1
19.4,53.6,15.9,17.4,2,3,2,1,27.4,0
27.3,84.3,21.4,29.2,3,2,1,1,42.2,1
43.1,47.3,8.0,51.0,1,3,3,3,94.9,3
35.6,50.0,4.5,40.3,1,2,2,3,61.9,2
20.8,16.0,23.4,18.8,3,1,1,1,15.2,0
43.2,94.4,9.4,55.2,1,3,2,1,81.7,3
35.7,76.8,17.5,43.1,2,1,2,2,61.5,2
30.9,58.9,11.7,33.3,1,2,2,2,47.4,1
41.5,57.2,19.8,48.7,2,2,2,1,79.1,2
33.9,69.6,23.1,37.5,2,1,1,3,51.0,1
43.3,60.5,31.6,50.6,1,2,1,3,75.7,2
22.0,85.5,27.2,20.2,1,3,2,2,28.7,0
18.4,93.2,20.3,16.9,1,3,3,2,27.6,0
22.2,20.8,17.2,20.2,1,1,3,2,19.2,0
38.1,26.0,11.8,37.5,2,2,1,2,55.1,1
43.0,59.1,11.3,53.6,2,2,3,2,97.7,3
46.3,41.7,21.4,52.2,2,3,3,3,100.0,3
25.9,73.5,10.8,27.9,1,3,1,2,30.1,0
27.6,77.4,6.2,31.8,3,1,3,2,60.3,1
42.9,71.8,2.6,54.9,2,1,1,3,86.5,3
46.5,51.7,9.0,58.3,1,3,2,1,90.0,3
22.9,59.8,12.8,21.9,2,2,1,1,15.0,0
42.5,29.6,24.7,41.9,2,1,1,2,55.3,1
29.7,89.7,32.5,31.7,2,1,2,1,37.7,1
38.9,90.9,5.0,50.9,2,3,2,3,98.8,3
44.6,23.7,28.9,42.6,1,1,1,3,54.2,1
42.5,78.5,3.8,54.5,2,1,1,1,71.9,2
30.9,40.1,2.5,32.3,3,1,2,3,61.3,2
41.6,59.9,12.8,50.9,1,3,1,2,77.8,2
32.0,62.4,20.9,33.7,3,1,1,2,53.4,1
30.4,73.6,33.7,30.4,2,2,1,2,40.2,1
42.1,79.9,4.7,54.1,3,2,1,2,94.2,3
34.8,63.9,9.3,40.7,1,1,1,3,51.5,1
41.5,73.3,16.4,53.5,2,3,1,3,95.7,3
30.2,36.8,20.0,28.2,1,1,1,2,25.9,0
47.7,94.7,31.4,59.7,3,2,2,3,100.0,3
45.6,78.8,22.8,57.6,3,1,1,1,88.9,3
28.0,50.6,16.7,27.0,1,1,1,2,19.8,0
29.9,31.5,8.0,28.7,3,2,2,2,55.2,1
41.0,23.6,18.3,39.5,2,2,2,2,65.6,2
20.5,23.0,27.7,18.5,3,1,3,1,30.2,0
27.9,38.6,33.1,25.9,2,1,2,1,33.1,0
29.1,33.7,29.0,27.1,3,2,1,1,39.0,1
18.0,21.6,6.5,16.0,2,1,2,2,17.0,0
22.7,48.4,28.8,20.7,3,1,1,2,25.2,0
39.6,29.6,31.0,37.6,3,2,2,2,67.0,2
19.0,37.6,33.5,17.0,2,2,2,3,26.6,0
31.9,59.1,32.7,30.7,2,2,1,1,37.4,1
20.0,15.8,15.0,18.0,3,2,3,2,45.1,1
18.4,70.2,21.1,16.4,1,1,3,3,18.4,0
39.0,75.8,4.1,51.0,2,2,3,3,98.7,3
47.7,41.9,22.3,54.5,3,3,1,2,98.8,3
35.0,26.7,13.9,33.2,1,1,3,2,48.8,1
35.3,66.5,15.1,40.9,2,3,3,1,71.4,2
32.3,18.5,24.9,30.299999999999997,1,1,1,2,26.0,0
39.5,91.5,23.9,51.5,2,1,2,3,84.0,3
18.1,54.3,14.4,16.1,3,1,1,2,18.8,0
37.0,81.3,4.4,48.9,1,1,1,3,66.1,2
34.1,29.7,4.0,34.5,1,3,2,1,49.8,1
41.7,39.6,30.2,42.3,1,2,1,1,51.8,1
38.3,43.5,2.2,43.5,2,2,3,2,77.3,2
25.3,27.1,31.8,23.3,1,1,1,1,11.4,0
38.4,91.6,32.5,48.5,2,2,3,2,87.0,3
47.5,51.1,30.3,55.9,3,1,2,2,94.9,3
19.4,91.3,9.9,20.2,2,3,2,3,41.7,1
22.2,44.6,19.2,20.2,1,1,2,1,10.9,0
31.3,22.3,13.4,29.3,1,2,2,1,33.3,0
30.9,91.6,5.3,39.3,2,2,1,2,61.1,2
33.7,87.8,25.9,39.8,2,2,2,2,62.9,2
33.1,31.9,14.3,31.6,2,1,2,2,44.5,1
32.1,71.3,5.1,38.3,2,1,1,3,50.7,1
28.2,33.9,19.7,26.2,3,2,1,2,37.5,1
33.3,61.6,31.7,33.5,3,1,3,2,67.1,2
19.6,22.7,19.0,17.6,1,2,1,1,5.0,0
34.1,65.0,29.7,35.8,1,2,1,2,41.9,1
26.3,54.0,11.2,26.2,1,1,2,2,28.8,0
46.6,43.8,21.9,53.3,1,1,1,2,70.2,2
18.4,17.9,8.9,16.4,1,3,2,2,23.8,0
32.9,83.0,6.2,41.3,3,1,2,1,67.9,2
41.3,25.5,5.1,42.9,1,1,1,1,42.9,1
28.3,78.4,9.6,32.4,3,1,1,3,47.7,1
20.9,58.0,6.4,20.4,1,1,1,2,5.0,0
38.6,74.4,17.5,47.9,1,2,3,1,76.4,2
40.5,57.5,5.9,49.7,2,1,3,2,84.5,3
29.6,28.0,20.7,27.6,3,1,1,2,37.4,1
33.0,44.4,20.4,32.4,1,3,3,3,57.9,1
44.7,45.7,25.1,50.0,3,1,2,2,86.6,3
28.9,39.3,11.5,27.8,2,1,2,2,31.3,0
38.5,63.4,8.2,47.1,1,1,1,2,60.3,1
29.3,51.3,6.3,31.0,1,1,3,1,37.0,1
24.5,47.9,6.5,24.1,3,1,2,2,40.3,1
26.0,27.1,24.4,24.0,3,2,3,2,44.5,1
46.5,64.4,26.4,58.5,3,1,1,2,94.2,3
42.6,21.8,21.8,40.6,2,1,1,2,53.8,1
47.0,94.1,33.3,59.0,3,1,1,1,91.1,3
33.9,33.0,10.6,33.6,1,3,3,2,63.3,2
43.5,57.3,15.4,53.2,1,2,1,2,76.6,2
39.8,88.3,20.6,51.8,1,1,2,2,76.4,2
26.0,76.8,31.7,24.3,2,3,1,2,33.6,0
29.1,52.8,30.3,27.1,1,3,2,2,41.3,1
24.3,37.4,4.6,23.1,1,1,2,3,26.0,0
35.2,89.0,32.9,41.4,3,1,1,2,63.3,2
27.7,90.2,21.0,30.6,1,3,1,3,41.3,1
25.2,51.3,34.4,23.2,1,1,2,3,26.1,0
46.0,37.9,34.9,47.8,3,2,2,2,90.1,3
44.9,90.3,28.9,56.9,1,1,1,2,78.1,2
24.6,76.6,9.5,26.5,3,2,1,2,43.4,1
38.6,24.8,33.0,36.6,3,3,1,1,59.3,1
20.8,89.6,11.3,21.8,1,1,3,2,28.2,0
44.9,49.6,31.9,50.2,2,1,3,2,84.6,3
32.9,66.4,7.4,38.4,2,3,1,2,61.0,2
41.9,85.0,29.1,53.9,1,1,2,2,74.8,2
23.6,52.4,5.7,23.5,3,2,1,2,38.2,1
39.0,80.2,28.9,47.8,3,1,3,2,86.5,3
19.4,17.0,7.0,17.4,3,1,1,2,17.0,0
27.6,68.0,33.2,25.6,1,1,1,3,23.2,0
45.6,76.0,19.5,57.6,2,1,3,3,100.0,3
24.0,30.8,22.5,22.0,1,1,2,1,13.6,0
23.6,73.1,30.2,21.6,2,1,2,3,28.1,0
28.6,86.5,23.8,31.1,1,1,1,2,28.9,0
39.0,30.2,19.2,38.2,2,1,1,2,46.7,1
38.8,86.6,29.4,48.8,2,1,1,2,61.8,2
32.1,22.3,3.6,30.9,3,1,1,2,43.9,1
41.6,24.7,18.7,40.5,1,3,1,1,51.0,1
21.0,66.6,33.4,19.0,3,1,3,2,36.9,1
37.0,29.6,5.0,38.1,3,2,3,2,76.7,2
43.8,77.3,17.8,55.8,1,2,1,2,77.2,2
47.1,32.3,24.8,49.6,1,3,3,2,85.1,3
26.8,94.8,13.4,31.2,3,3,2,2,60.6,1
38.0,69.8,30.4,43.3,1,3,2,2,71.0,2
47.8,31.9,23.7,50.8,3,1,3,2,90.9,3
32.4,78.9,4.2,40.2,2,2,1,2,57.8,1
25.1,53.8,12.4,24.3,3,3,2,2,51.4,1
27.7,16.1,23.8,25.7,1,1,2,1,21.7,0
24.9,81.3,17.6,25.9,1,1,2,2,22.6,0
19.4,40.5,20.8,17.4,2,3,2,2,27.3,0
20.2,60.3,32.3,18.2,1,1,1,3,12.1,0
20.7,72.7,21.6,18.7,1,1,2,2,14.4,0
18.0,26.0,10.4,16.0,2,1,1,2,12.0,0
37.6,22.7,26.1,35.6,1,1,3,2,50.7,1
46.4,47.3,19.6,54.6,2,1,2,2,83.2,3
24.5,28.2,18.2,22.5,2,1,2,2,30.6,0
38.2,17.3,33.7,36.2,2,3,2,2,67.4,2
34.3,43.2,29.7,32.3,3,3,2,3,70.1,2
21.5,22.3,27.4,19.5,1,1,3,2,19.7,0
41.6,66.0,8.0,53.5,1,1,1,1,66.3,2
32.6,45.3,34.8,30.6,2,1,3,2,46.1,1
39.3,15.1,15.9,37.3,2,1,1,2,45.4,1
35.2,62.4,32.5,36.5,3,1,3,2,69.3,2
28.4,70.3,3.1,32.7,3,1,2,2,53.6,1
19.1,74.1,34.2,17.1,2,2,3,2,28.7,0
21.3,65.8,23.5,19.3,1,2,1,2,12.2,0
39.6,29.3,13.5,39.9,1,1,2,2,48.3,1
27.0,94.0,30.2,28.2,2,3,2,2,48.3,1
29.8,88.8,15.7,35.0,2,1,1,2,42.6,1
45.0,88.9,26.6,57.0,1,1,1,3,78.3,2
45.8,62.1,26.8,57.0,1,2,3,2,93.6,3
31.5,33.1,31.1,29.5,3,1,2,2,46.9,1
22.4,18.8,12.8,20.4,2,2,2,3,32.6,0
47.6,68.5,19.6,59.6,2,2,3,2,100.0,3
18.2,86.5,20.8,16.2,1,2,1,2,8.9,0
19.3,41.1,31.7,17.3,2,1,2,2,16.8,0
35.6,83.7,6.1,46.4,1,1,1,2,58.2,1
27.1,89.3,6.9,32.3,2,2,3,1,53.6,1
22.1,24.2,26.2,20.1,2,3,3,2,40.4,1
35.8,30.2,21.2,33.8,2,3,3,2,63.3,2
45.7,63.8,33.2,56.1,1,1,1,2,75.5,2
27.8,46.0,4.8,28.5,1,2,1,3,34.4,0
42.9,27.6,24.1,42.0,1,3,1,2,61.7,2
23.5,47.5,23.6,21.5,1,1,2,2,14.5,0
42.0,46.7,29.1,44.9,3,1,2,3,81.3,3
37.5,71.9,31.6,42.6,2,1,2,3,71.9,2
20.7,68.0,18.1,18.7,3,1,1,3,31.0,0
27.1,82.3,3.9,32.1,1,2,3,3,57.8,1
36.3,37.4,14.9,36.8,1,2,2,2,55.8,1
40.8,30.9,6.4,43.4,3,2,1,1,69.4,2
47.7,32.2,31.0,49.3,1,1,1,2,63.2,2
20.0,70.4,24.1,18.0,2,1,3,1,22.9,0
32.4,63.8,26.8,33.4,1,3,1,2,43.6,1
29.1,19.5,33.1,27.1,1,1,2,2,29.0,0
18.9,36.7,32.3,16.9,2,1,2,2,16.6,0
46.4,79.0,28.7,58.4,2,3,1,2,98.5,3
41.9,38.4,31.1,42.1,1,3,2,3,73.7,2
25.8,85.6,17.3,27.8,2,1,3,2,43.8,1
25.8,23.5,28.0,23.8,2,3,3,1,42.4,1
28.8,58.3,19.7,28.6,3,1,2,2,44.4,1
19.9,27.4,21.8,17.9,3,2,2,2,38.1,1
40.7,37.5,10.4,44.1,2,2,3,2,78.1,2
41.1,21.1,8.1,40.9,1,1,1,2,44.3,1
47.0,18.4,25.0,45.0,3,2,3,2,94.9,3
47.3,20.9,30.2,45.3,3,1,2,2,78.9,2
46.0,62.9,13.6,58.0,2,2,1,2,87.7,3
44.9,23.8,5.4,47.3,1,3,3,2,81.4,3
25.5,59.6,8.0,26.3,1,3,1,1,28.6,0
38.6,35.9,31.0,36.6,1,3,3,2,67.9,2
18.0,58.2,8.5,16.3,3,1,2,3,32.9,0
33.6,55.7,21.1,35.0,1,1,1,1,30.9,0
43.8,64.1,14.5,55.8,2,1,2,3,94.4,3
32.9,64.9,31.8,33.4,1,2,1,3,47.2,1
35.9,40.3,9.7,37.8,1,3,2,2,60.9,1
22.6,48.5,31.2,20.6,1,1,3,1,20.7,0
37.6,60.8,32.6,40.2,1,1,1,3,54.1,1
24.6,27.1,12.5,22.6,2,2,2,2,33.1,0
31.9,72.6,7.1,37.8,2,3,2,2,68.3,2
29.3,41.8,10.6,28.8,2,2,2,1,40.2,1
24.1,23.6,23.6,22.1,2,1,1,2,22.7,0
22.7,80.5,4.8,25.1,3,1,3,2,44.6,1
29.2,38.7,23.9,27.2,3,2,2,3,52.6,1
47.7,38.8,2.3,57.3,2,1,1,2,82.9,3
19.8,39.7,12.1,17.8,1,3,1,2,19.2,0
45.5,54.8,23.1,54.7,2,3,2,2,100.0,3
46.8,66.0,11.3,58.8,3,2,2,1,100.0,3
26.9,29.4,22.1,24.9,2,1,1,1,20.9,0
23.5,39.5,4.1,22.5,1,2,2,2,29.2,0
46.1,88.4,20.8,58.1,3,3,1,3,100.0,3
31.4,81.0,15.4,36.6,2,3,1,2,59.7,1
38.9,23.9,20.1,36.9,1,3,2,1,53.9,1
38.6,28.4,2.1,40.6,1,3,2,2,65.6,2
44.2,15.3,22.8,42.2,1,1,1,2,50.9,1
25.0,71.8,32.9,23.0,2,1,2,3,36.1,1
41.0,20.0,16.9,39.0,2,1,3,2,68.6,2
46.0,83.6,7.9,58.0,2,3,3,2,100.0,3
44.5,31.3,28.9,44.5,2,2,2,2,71.4,2
44.5,92.1,32.1,56.5,2,2,1,2,88.3,3
47.0,23.7,34.1,45.0,1,2,2,2,69.8,2
24.8,63.7,5.3,26.3,2,2,3,2,49.5,1
39.8,20.1,17.7,37.8,2,2,3,1,67.4,2
46.6,53.6,14.7,58.1,2,1,2,2,91.9,3
45.0,58.1,5.3,57.0,2,1,2,2,90.1,3
32.0,50.6,15.5,32.9,2,2,1,3,46.5,1
37.3,58.3,11.9,43.2,2,1,2,3,72.7,2
42.7,27.1,14.9,43.4,1,3,1,2,65.1,2
35.2,22.5,12.7,33.2,1,2,2,3,54.8,1
22.9,41.1,21.9,20.9,2,2,1,2,23.8,0
43.8,16.8,10.8,42.7,2,2,2,2,71.8,2
47.9,20.0,16.4,48.0,2,1,2,2,72.2,2
38.4,35.4,13.6,39.6,2,2,2,1,58.7,1
33.3,79.2,28.5,37.1,3,1,2,2,56.6,1
28.3,46.9,21.2,26.3,3,1,1,2,37.5,1
34.0,36.2,12.4,33.9,2,1,2,3,55.2,1
23.1,81.9,34.6,21.1,1,1,2,2,16.0,0
26.7,63.1,4.0,29.2,3,1,2,2,43.9,1
18.0,85.2,20.9,16.0,1,2,1,2,6.9,0
38.0,58.3,9.8,44.8,2,1,3,2,77.1,2
47.5,33.9,6.9,54.3,3,2,3,1,100.0,3
24.4,69.4,25.8,22.4,2,1,2,3,30.0,0
18.5,92.5,13.8,18.3,1,2,2,1,11.5,0
31.1,58.3,29.9,29.9,3,1,2,2,45.5,1
18.6,24.5,17.6,16.6,2,2,1,1,12.0,0
40.5,49.2,31.3,42.7,1,1,3,2,64.8,2
35.9,18.5,18.0,33.9,2,3,2,3,65.4,2
42.6,44.9,11.9,48.8,1,1,2,1,65.3,2
31.1,53.2,12.4,32.6,2,1,3,1,46.4,1
36.3,41.5,9.1,38.8,2,2,2,1,55.6,1
29.7,58.3,24.6,28.9,1,2,2,2,37.6,1
20.9,80.9,9.6,21.6,1,1,3,3,29.5,0
24.5,28.3,29.4,22.5,3,1,2,2,40.0,1
37.8,90.7,32.7,47.0,1,2,2,3,72.9,2
31.9,27.6,27.5,29.9,2,2,1,2,37.7,1
27.6,69.0,20.3,28.0,1,2,1,2,26.8,0
27.4,47.5,34.3,25.4,1,1,1,1,16.6,0
28.1,19.2,30.1,26.1,1,1,1,2,18.6,0
40.9,66.1,13.8,51.0,1,1,2,2,74.0,2
40.0,24.0,28.1,38.0,2,1,1,3,52.5,1
26.7,87.1,8.7,31.0,1,1,2,2,34.7,0
21.7,32.4,4.7,19.7,2,2,1,2,28.2,0
30.8,18.0,17.7,28.8,2,1,3,1,38.0,1
41.8,53.4,17.7,48.6,1,3,2,2,80.5,2
31.4,39.5,12.8,30.9,2,3,2,2,55.8,1
42.2,55.9,5.4,52.4,2,1,2,2,80.6,2
32.9,73.8,16.6,37.8,1,1,3,2,59.5,1
20.0,39.8,8.9,18.0,1,2,2,3,21.2,0
47.2,42.3,22.1,53.8,2,2,2,1,83.5,3
34.0,59.3,17.8,36.9,2,2,1,3,57.6,1
39.1,58.2,15.5,45.5,2,3,1,2,73.1,2
26.3,90.0,27.6,27.1,1,2,3,2,40.8,1
31.1,59.9,30.9,30.0,3,3,1,2,51.3,1
28.5,56.6,33.2,26.5,2,3,1,1,32.2,0
39.9,63.7,31.6,45.1,3,3,3,2,97.0,3
34.2,66.1,31.9,35.7,2,1,1,2,43.0,1
47.0,89.0,28.8,59.0,2,2,1,2,91.8,3
44.2,56.8,14.9,54.5,2,1,2,2,86.4,3
40.6,82.9,5.8,52.6,1,1,3,2,84.1,3
34.2,37.0,32.2,32.2,2,3,1,2,47.8,1
43.3,60.8,29.9,51.0,3,1,2,2,83.2,3
22.4,83.9,32.5,20.4,2,1,2,1,20.4,0
33.1,75.1,26.9,36.4,2,2,2,2,57.2,1
23.9,68.9,2.7,26.1,2,1,1,2,33.9,0
34.0,83.2,34.5,37.8,1,2,1,1,42.1,1
39.7,18.4,3.9,39.3,2,3,2,3,75.2,2
27.8,85.3,11.9,32.0,2,1,1,2,37.5,1
38.9,78.0,18.4,49.2,1,1,3,1,69.1,2
36.0,60.5,8.9,42.1,1,2,2,2,58.6,1
34.3,93.0,34.2,40.2,3,1,1,3,64.2,2
37.5,83.9,29.1,45.6,1,1,1,2,55.3,1
44.3,23.1,11.6,45.1,1,2,1,1,52.9,1
32.6,51.6,30.2,31.1,2,1,2,2,43.5,1
18.1,88.1,11.7,17.8,2,1,1,1,6.9,0
19.0,23.4,35.0,17.0,2,3,2,2,27.7,0
34.1,80.5,32.3,38.0,2,1,3,3,71.6,2
34.4,25.8,34.3,32.4,1,1,2,2,38.8,1
46.0,55.7,5.4,58.0,2,2,2,2,95.1,3
41.8,89.1,21.0,53.8,2,1,2,2,82.8,3
40.7,88.4,30.4,52.7,2,2,1,1,72.2,2
26.3,64.1,17.0,26.2,1,1,3,1,28.6,0
39.2,81.5,27.3,48.8,2,3,1,2,75.4,2
18.6,92.4,28.6,16.6,3,3,2,2,39.0,1
43.2,80.7,27.6,55.2,2,1,1,2,76.9,2
20.0,54.5,20.1,18.0,2,2,3,2,32.9,0
25.0,47.4,27.1,23.0,2,3,1,2,31.2,0
21.4,91.1,8.4,23.4,3,3,3,1,49.6,1
21.8,25.7,10.7,19.8,1,1,1,2,10.7,0
44.8,63.9,25.9,55.7,1,1,1,2,77.3,2
20.0,19.5,24.8,18.0,2,3,1,2,26.3,0
41.4,82.2,23.2,53.4,1,1,2,1,72.7,2
37.0,26.6,26.8,35.0,2,1,2,2,46.5,1
47.5,84.2,21.0,59.5,1,1,1,2,80.4,2
27.0,26.5,11.6,25.0,1,3,2,2,35.6,0
42.9,19.1,8.3,42.7,1,1,2,2,57.0,1
32.2,26.9,15.2,30.200000000000003,2,1,3,1,47.2,1
41.4,33.9,31.5,40.1,2,1,2,1,55.5,1
46.8,61.7,2.3,58.8,2,2,1,1,87.5,3
41.9,92.3,2.9,53.9,2,2,1,2,85.9,3
19.0,51.1,7.3,17.3,1,2,1,1,5.0,0
37.7,54.6,8.1,43.8,1,3,1,3,68.1,2
41.2,74.5,28.1,51.0,3,1,1,3,88.2,3
18.2,35.5,10.1,16.2,1,3,3,2,27.1,0
26.8,77.9,31.8,25.6,1,1,2,1,19.7,0
35.6,75.4,6.7,44.7,2,3,2,2,81.5,3
27.2,80.9,28.3,27.3,2,1,2,2,38.2,1
28.6,22.5,32.5,26.6,2,1,2,3,43.7,1
39.6,16.9,34.0,37.6,1,3,3,2,65.1,2
19.1,23.5,21.0,17.1,1,3,2,3,27.1,0
20.7,79.4,19.8,19.2,2,2,1,2,18.6,0
32.4,49.2,31.0,30.4,3,2,1,2,48.7,1
48.0,87.6,18.5,60.0,1,1,1,2,77.2,2
47.3,93.1,5.6,59.3,1,1,3,1,89.7,3
31.1,18.5,15.3,29.1,2,2,3,2,54.5,1
36.2,73.4,6.2,45.5,1,1,1,2,53.9,1
33.3,36.6,33.2,31.299999999999997,1,1,1,3,32.2,0
23.6,72.2,2.3,26.1,1,1,2,2,27.7,0
46.2,26.9,2.5,50.7,3,1,1,2,80.3,2
33.6,34.9,11.6,33.3,2,1,1,1,35.7,0
18.1,56.3,20.9,16.1,2,3,1,1,16.7,0
46.6,83.0,14.7,58.6,2,2,3,1,100.0,3
32.8,89.7,26.5,38.3,2,2,2,2,62.3,2
29.6,58.3,26.2,28.5,1,3,3,3,51.4,1
44.0,58.8,17.8,54.1,1,1,1,3,77.7,2
33.5,69.7,10.2,39.4,1,1,3,3,56.4,1
20.5,22.7,31.1,18.5,1,2,2,2,18.7,0
40.8,92.0,12.2,52.8,3,1,1,3,91.6,3
18.4,44.0,12.7,16.4,1,1,1,2,5.3,0
25.5,61.6,25.2,23.5,3,1,1,1,24.7,0
19.8,26.0,31.1,17.8,2,3,2,2,34.1,0
45.6,67.2,18.9,57.6,2,2,3,1,100.0,3
44.7,26.3,19.5,45.1,2,1,1,2,63.0,2
45.4,66.0,8.4,57.4,1,3,1,3,94.3,3
18.5,38.6,7.3,16.5,1,2,3,2,20.7,0
38.6,90.1,22.7,50.5,2,3,1,1,81.2,3
38.0,86.4,5.8,50.0,1,1,1,1,57.1,1
20.6,59.9,19.2,18.6,2,1,2,2,21.3,0
23.3,93.7,6.2,26.9,2,3,2,2,50.6,1
25.9,57.6,14.4,25.4,2,1,2,2,35.9,0
42.4,86.3,32.1,54.4,2,1,2,3,90.0,3
22.3,50.2,34.6,20.3,3,1,3,1,35.6,0
36.7,41.6,2.2,40.7,2,2,2,2,66.5,2
22.5,33.8,20.4,20.5,2,1,2,1,16.6,0
46.2,75.5,26.7,58.2,1,1,3,2,94.3,3
43.4,71.3,14.8,55.4,1,2,2,1,80.1,2
21.9,93.7,33.6,19.9,2,1,3,3,30.8,0
26.1,64.9,17.6,25.9,3,2,2,2,50.0,1
28.8,17.9,34.2,26.8,1,2,2,2,33.4,0
25.1,84.1,28.8,24.3,1,1,2,2,24.7,0
29.4,27.2,5.6,28.0,1,2,2,2,35.8,0
28.7,61.0,7.7,31.1,3,2,1,2,48.2,1
42.6,76.3,5.3,54.6,2,1,1,2,76.1,2
18.1,68.5,9.7,16.9,1,2,2,2,15.5,0
43.9,79.5,25.9,55.9,2,1,3,2,97.8,3
44.0,16.5,29.9,42.0,3,3,1,1,71.1,2
44.3,39.9,23.7,47.8,1,3,1,3,77.5,2
27.3,74.5,19.4,28.4,1,3,2,1,39.4,1
39.9,84.8,14.7,51.9,3,1,1,2,84.2,3
42.8,64.8,32.1,50.8,1,1,1,3,70.7,2
24.3,88.5,17.7,25.7,1,1,2,2,23.5,0
37.6,48.2,27.8,38.5,1,2,1,3,51.4,1
40.8,90.2,24.6,52.8,2,2,1,2,84.6,3
43.4,65.9,29.1,52.8,1,1,1,1,64.7,2
24.2,50.0,9.4,23.3,2,2,1,3,30.0,0
43.1,56.8,2.1,54.9,1,1,2,2,77.1,2
32.0,90.6,5.5,41.1,1,2,1,2,54.0,1
44.8,69.1,31.0,56.3,2,3,1,2,93.7,3
21.6,30.8,13.2,19.6,1,1,2,3,20.1,0
41.9,58.8,24.2,49.0,2,1,1,3,73.6,2
33.0,16.2,23.5,31.0,2,1,2,1,43.0,1
22.9,80.9,14.9,23.4,1,3,2,2,29.2,0
34.5,82.8,10.6,43.3,2,1,3,2,70.9,2
38.7,34.7,30.0,36.7,3,1,2,3,68.8,2
22.3,40.7,26.3,20.3,3,3,3,2,56.9,1
24.5,44.1,34.3,22.5,3,2,2,3,47.3,1
22.7,82.9,25.2,21.3,2,2,3,2,37.8,1
33.1,32.6,2.3,34.1,3,2,2,3,72.8,2
42.4,40.3,9.5,47.6,1,1,1,2,55.3,1
34.5,46.1,11.6,36.5,2,1,2,3,61.7,2
43.9,33.6,20.1,46.0,1,1,3,3,73.9,2
25.8,94.5,18.2,28.6,3,2,2,3,61.0,2
27.6,34.7,13.1,25.6,2,3,1,2,41.1,1
32.8,79.6,6.4,40.6,2,2,2,1,62.9,2
28.9,27.4,30.2,26.9,2,2,3,2,49.4,1
22.6,77.9,16.4,22.4,2,3,2,2,42.4,1
31.9,26.3,13.8,29.9,2,1,1,3,37.1,1
42.2,75.4,17.9,54.2,3,2,2,2,99.7,3
24.5,53.9,12.1,23.6,1,1,1,2,17.2,0
33.1,40.9,17.1,32.6,1,1,2,2,34.0,0
41.1,46.6,19.4,45.3,3,3,1,2,81.9,3
30.5,35.1,2.3,31.1,2,1,1,2,37.3,1
20.0,81.8,8.8,20.6,1,2,3,2,28.5,0
36.1,32.4,19.5,34.7,2,3,2,2,62.7,2
38.2,17.4,10.7,36.2,3,2,1,2,61.5,2
41.4,77.2,10.6,53.4,1,1,2,3,84.2,3
41.2,52.9,21.1,46.8,2,3,1,3,80.1,2
18.3,30.3,23.7,16.3,1,1,2,2,9.8,0
44.5,55.0,13.2,54.8,1,1,1,2,75.9,2
33.8,26.8,8.0,32.9,1,1,3,2,46.6,1
24.2,19.8,7.8,22.2,3,1,1,2,31.0,0
37.5,54.2,22.0,40.7,3,1,1,2,57.8,1
22.7,85.6,14.3,23.7,1,3,2,2,35.8,0
21.1,49.0,21.1,19.1,1,3,1,1,14.3,0
23.4,48.1,33.7,21.4,2,2,1,3,29.7,0
26.1,81.3,4.0,30.4,2,3,2,3,63.1,2
40.8,88.7,28.6,52.8,1,3,2,2,89.5,3
46.2,38.3,8.5,53.4,1,3,1,3,83.3,3
29.3,32.9,5.7,28.6,3,1,1,2,45.6,1
18.2,32.8,20.6,16.2,2,2,1,1,10.0,0
44.4,64.3,22.2,55.7,3,1,2,2,94.8,3
39.0,94.3,18.3,51.0,2,1,3,1,80.6,2
29.6,42.8,3.6,30.7,3,2,2,1,49.5,1
29.9,41.5,7.7,30.2,3,2,1,3,55.1,1
35.6,36.2,26.7,33.6,2,1,2,2,46.1,1
18.1,74.9,34.8,16.1,2,3,1,1,16.0,0
18.3,72.2,5.4,18.2,3,3,2,1,36.1,1
41.3,90.6,31.1,53.3,1,1,1,2,63.2,2
19.0,33.0,31.7,17.0,1,1,1,1,5.0,0
19.2,79.8,31.9,17.2,3,1,3,1,30.6,0
44.5,33.1,13.1,48.1,1,2,3,2,76.7,2
34.6,59.8,24.9,36.6,1,1,2,1,42.1,1
22.9,83.0,15.0,23.6,1,1,1,2,12.7,0
34.2,66.6,6.0,40.8,3,2,2,1,73.4,2
44.4,19.6,27.7,42.4,2,1,3,2,66.3,2
21.5,34.4,18.4,19.5,1,1,1,2,5.0,0
22.8,87.5,14.7,23.9,2,3,2,2,44.5,1
47.6,22.8,6.4,50.5,1,1,1,2,62.2,2
25.0,47.1,33.2,23.0,3,1,1,2,24.4,0
25.6,23.2,31.9,23.6,2,3,2,2,41.8,1
41.0,17.1,20.8,39.0,1,2,2,2,57.2,1
23.7,71.4,4.1,25.8,2,3,1,2,37.6,1
26.1,72.6,6.6,28.9,2,1,1,3,34.9,0
45.5,51.9,6.6,57.0,2,3,1,2,94.9,3
43.8,27.3,5.1,46.9,2,2,1,2,68.5,2
41.7,62.3,26.3,49.1,3,1,2,2,89.2,3
30.9,65.7,29.4,30.8,1,1,1,1,20.3,0
28.6,43.6,22.4,26.6,1,1,2,2,25.8,0
46.8,37.0,31.2,49.5,1,2,2,2,70.1,2
34.2,92.8,12.6,44.2,2,2,1,2,65.3,2
18.5,55.6,15.1,16.5,1,2,1,2,9.2,0
44.2,74.0,4.6,56.2,2,1,1,1,81.0,3
28.5,75.4,19.6,30.3,1,2,3,2,47.5,1
31.4,59.2,8.2,34.8,2,3,2,1,49.7,1
46.4,78.4,10.1,58.4,1,1,2,2,85.5,3
37.7,46.6,29.4,38.0,2,1,1,2,45.7,1
42.9,42.4,29.7,45.1,3,1,1,1,66.6,2
18.6,33.5,4.5,16.6,2,1,1,2,7.4,0
24.0,64.5,6.4,25.1,1,1,1,2,17.6,0
19.4,92.2,32.7,17.4,1,1,1,2,5.0,0
30.0,88.9,26.7,33.2,3,1,3,3,66.0,2
33.8,90.2,2.3,45.0,2,1,1,2,62.7,2
20.7,81.1,23.7,18.7,3,2,1,3,34.1,0
18.4,89.9,22.4,16.4,1,1,2,1,6.6,0
24.0,22.9,13.5,22.0,3,1,3,1,38.4,1
44.8,56.9,17.7,55.1,2,3,1,3,99.3,3
24.3,35.1,11.6,22.3,2,1,1,2,22.8,0
28.2,55.9,16.6,28.0,3,3,2,2,58.9,1
23.7,39.0,8.0,21.9,3,1,1,2,28.2,0
32.9,32.5,13.4,31.6,2,2,2,2,49.5,1
25.7,60.6,34.9,23.7,1,3,2,2,35.0,0
22.1,59.8,3.4,22.7,2,1,2,2,33.2,0
26.0,67.2,34.3,24.0,1,1,2,2,25.0,0
46.3,29.0,14.9,49.2,1,1,2,1,61.3,2
41.9,61.5,9.3,52.6,2,1,2,2,84.3,3
40.1,38.5,17.0,42.2,3,2,1,2,67.6,2
29.9,45.0,19.9,28.3,2,2,3,3,56.4,1
32.0,69.4,14.8,36.0,1,2,3,3,65.0,2
20.0,67.7,31.1,18.0,1,1,2,2,12.9,0
31.6,89.0,7.5,39.7,3,1,2,2,67.2,2
38.9,67.0,29.6,44.5,1,1,1,2,53.2,1
45.0,33.2,10.2,49.5,1,1,2,2,68.3,2
29.9,66.6,24.0,30.5,1,1,2,3,43.7,1
23.5,29.7,15.5,21.5,3,3,2,2,50.3,1
36.4,76.7,16.9,44.4,2,1,1,2,58.5,1
19.4,52.7,8.8,17.6,2,1,3,2,22.2,0
38.8,84.5,18.6,50.4,2,1,2,2,80.5,2
18.7,68.7,12.0,17.2,1,3,2,1,17.5,0
37.4,59.9,27.2,40.7,2,2,2,2,69.3,2
23.6,19.9,4.3,21.6,2,2,3,3,44.9,1
18.4,30.3,28.7,16.4,2,2,2,2,21.6,0
34.1,27.8,6.0,33.8,1,2,3,2,50.6,1
41.2,33.7,5.0,44.9,2,3,2,3,84.7,3
30.2,38.4,3.0,31.0,2,2,2,2,51.2,1
47.2,22.0,27.4,45.6,3,1,3,2,86.7,3
41.3,63.8,15.8,50.8,1,1,1,2,64.3,2
42.6,50.1,2.1,52.1,1,2,1,3,78.0,2
40.3,37.2,27.9,40.0,3,2,2,2,79.1,2
42.7,21.0,25.9,40.7,1,1,3,1,50.7,1
26.1,32.7,5.8,24.6,3,2,3,2,48.3,1
45.6,23.2,23.5,44.6,1,2,3,2,75.8,2
20.8,15.1,33.0,18.8,2,1,1,2,12.3,0
22.7,65.5,3.4,24.0,3,1,2,2,33.5,0
46.8,20.2,7.3,48.4,1,1,3,2,73.1,2
37.5,76.6,29.5,44.0,3,1,3,2,83.2,3
33.2,61.4,13.2,36.9,2,2,2,2,60.2,1
20.3,58.2,16.0,18.3,2,1,2,3,26.5,0
32.2,46.4,2.5,35.1,1,1,1,2,34.6,0
31.7,65.8,28.5,32.3,3,1,2,3,58.4,1
42.1,45.5,23.5,45.9,2,1,2,3,76.9,2
32.5,15.5,7.9,30.5,2,1,2,2,41.4,1
29.2,47.6,2.6,31.0,1,3,3,2,57.9,1
25.5,29.6,32.0,23.5,2,1,3,2,36.9,1
40.8,15.1,32.3,38.8,1,1,1,2,44.9,1
38.7,18.4,13.7,36.7,2,1,2,1,46.0,1
29.0,90.3,24.4,32.2,3,3,3,2,72.0,2
44.3,55.8,6.8,55.9,1,2,2,2,84.2,3
39.4,47.9,35.0,39.8,3,1,1,2,60.0,1
31.9,77.0,34.0,33.3,2,2,1,2,43.9,1
45.3,86.0,31.9,57.3,1,1,1,2,74.6,2
29.6,28.3,15.6,27.6,2,1,2,1,26.7,0
35.5,29.2,31.5,33.5,1,3,3,3,65.6,2
37.7,27.3,32.2,35.7,2,3,2,2,63.9,2
44.0,47.0,19.0,50.4,2,1,1,3,72.2,2
31.0,39.1,10.2,30.8,2,1,3,3,58.7,1
20.9,31.0,19.4,18.9,1,2,1,3,14.8,0
30.1,17.3,31.6,28.1,1,1,3,2,38.5,1
36.5,74.8,4.2,46.7,2,2,2,3,82.1,3
44.1,73.5,20.6,56.1,1,1,1,3,77.1,2
37.1,58.5,6.4,44.0,2,2,2,3,77.8,2
29.5,27.8,27.9,27.5,3,1,3,2,55.7,1
19.7,29.6,13.1,17.7,1,2,2,2,16.8,0
36.3,79.0,22.5,43.6,1,3,2,3,68.8,2
41.3,88.7,34.3,53.3,1,3,1,2,77.7,2
44.4,21.8,23.7,42.4,1,3,2,2,70.4,2
35.2,93.3,7.0,47.2,2,3,2,2,86.4,3
43.5,15.5,10.2,42.0,3,1,1,1,59.3,1
23.8,67.8,12.4,24.0,2,1,2,2,31.8,0
37.3,20.9,34.7,35.3,1,1,1,2,32.8,0
22.4,41.7,22.5,20.4,3,2,1,1,20.8,0
32.5,31.8,3.3,33.0,1,1,1,3,36.6,1
34.5,15.0,10.9,32.5,2,1,3,2,55.8,1
21.9,33.0,34.6,19.9,3,3,2,2,41.5,1
36.2,77.9,22.8,43.1,3,2,3,3,95.1,3
20.7,70.6,33.7,18.7,1,2,1,2,7.3,0
19.1,80.1,20.4,17.1,1,1,1,2,7.8,0
39.9,79.6,12.6,51.9,3,1,2,2,88.1,3
38.0,88.7,3.5,50.0,2,1,1,1,63.9,2
25.4,81.3,2.4,29.6,1,3,1,2,42.1,1
36.1,78.1,20.0,43.5,1,3,1,2,63.4,2
29.5,76.5,27.3,30.6,2,1,2,3,45.3,1
46.5,65.3,24.9,58.5,1,1,2,1,79.2,2
27.7,63.6,13.2,28.9,3,1,2,2,48.1,1
25.1,72.7,6.4,27.5,1,1,3,2,37.7,1
43.5,55.3,18.7,52.0,1,2,2,1,73.6,2
32.5,92.5,21.7,39.2,1,2,1,2,45.8,1
20.8,82.1,29.1,18.8,2,3,3,1,37.0,1
22.4,46.2,5.3,21.5,1,1,1,1,11.0,0
22.9,46.9,8.2,21.6,1,2,2,2,20.8,0
47.6,26.7,12.3,50.8,2,1,1,2,73.1,2
26.2,71.9,11.8,28.0,2,3,1,2,46.3,1
45.6,86.6,4.6,57.6,2,1,2,3,93.6,3
35.2,73.3,21.0,40.8,2,2,3,3,80.8,2
25.4,71.2,21.0,24.9,3,1,3,1,44.3,1
29.5,74.2,11.9,33.2,1,1,2,2,39.9,1
30.0,41.5,28.8,28.0,1,1,1,2,25.4,0
18.3,18.5,26.1,16.3,3,1,2,2,28.1,0
21.6,83.8,21.4,20.6,2,3,1,2,29.8,0
37.2,26.5,6.5,37.5,2,1,2,2,52.8,1
32.0,62.8,9.6,36.0,1,2,1,2,44.0,1
19.5,72.3,16.2,17.7,1,3,1,3,19.4,0
27.7,79.9,34.4,26.8,2,1,1,2,28.9,0
46.9,37.5,11.4,53.7,1,2,1,1,66.6,2
35.9,42.8,13.6,37.6,1,3,3,2,64.8,2
29.9,47.5,30.6,27.9,2,2,1,2,34.6,0
30.2,16.0,34.0,28.2,2,3,3,2,57.4,1
30.7,50.8,11.8,31.8,3,1,2,3,59.5,1
42.0,20.0,18.6,40.0,1,1,1,1,39.8,1
31.2,69.4,22.9,33.1,1,1,1,2,30.6,0
19.9,25.3,10.4,17.9,1,1,1,2,7.0,0
26.0,71.8,34.0,24.0,2,1,1,3,26.3,0
32.0,19.4,25.8,30.0,1,3,1,2,31.6,0
33.7,61.0,15.1,37.3,3,3,3,2,82.2,3
44.6,59.3,8.4,56.6,1,2,1,2,82.7,3
31.8,58.8,2.2,36.5,2,1,1,2,46.2,1
32.2,73.5,19.9,36.0,1,1,2,2,41.5,1
22.9,63.3,16.3,21.5,1,1,3,2,23.0,0
41.6,25.7,20.7,40.4,3,1,1,3,64.6,2
45.6,40.8,27.2,49.6,3,3,3,2,100.0,3
23.6,28.2,17.6,21.6,1,3,1,2,21.2,0
44.0,67.1,3.5,56.0,1,1,2,2,81.3,3
36.5,33.2,28.3,34.5,2,1,1,2,42.7,1
37.8,63.4,19.3,43.7,3,1,2,2,73.8,2
43.3,70.2,6.2,55.3,1,3,2,2,92.1,3
38.7,64.8,8.7,47.7,3,1,1,3,81.2,3
24.4,27.4,27.5,22.4,2,2,2,3,31.9,0
32.8,52.4,9.2,35.6,3,1,2,2,62.1,2
45.9,73.4,2.9,57.9,3,1,2,1,95.4,3
29.4,17.8,22.3,27.4,1,2,1,2,31.9,0
37.2,78.3,11.8,47.2,1,3,1,2,71.9,2
44.1,52.9,27.0,50.8,2,1,2,2,83.3,3
30.9,27.8,29.8,28.9,1,1,3,2,36.5,1
28.7,82.8,28.7,29.8,2,3,1,2,49.2,1
26.0,62.6,23.3,24.4,1,2,1,2,23.9,0
41.1,69.4,26.7,49.7,3,2,3,2,100.0,3
39.2,49.2,21.4,42.5,2,1,1,3,63.7,2
35.9,79.0,8.8,45.5,3,2,2,2,84.7,3
35.7,86.5,5.3,47.3,1,2,2,3,77.0,2
34.0,67.1,23.8,37.1,3,1,1,3,60.4,1
39.0,29.6,16.9,38.5,2,3,3,1,71.3,2
23.8,62.3,19.5,22.1,3,3,1,3,46.7,1
29.9,51.9,18.6,29.5,2,3,2,2,52.1,1
45.3,25.3,16.9,46.1,2,2,1,2,71.6,2
29.6,19.0,25.0,27.6,3,1,2,2,44.9,1
29.1,39.5,26.7,27.1,2,2,3,2,53.1,1
33.5,69.9,22.6,37.0,2,2,1,2,53.8,1
25.2,15.3,22.5,23.2,3,1,1,1,25.8,0
44.4,48.4,14.7,52.3,1,1,1,3,71.0,2
40.0,69.8,15.4,49.9,1,1,3,3,79.6,2
28.8,54.5,5.3,30.9,3,1,2,1,50.0,1
19.6,56.9,13.1,17.6,2,1,2,1,13.3,0
30.4,43.2,12.7,30.1,1,3,3,2,50.6,1
41.1,62.1,17.6,49.6,1,1,3,2,70.5,2
47.9,16.4,27.6,45.9,3,3,3,2,96.2,3
31.6,91.7,15.5,38.6,1,2,3,2,64.7,2
30.3,28.9,28.3,28.3,1,1,2,2,29.0,0
18.9,63.7,30.8,16.9,2,1,2,1,13.5,0
42.7,53.1,18.0,50.0,3,3,2,2,94.1,3
43.2,41.9,7.0,49.9,1,1,1,2,64.6,2
19.3,31.4,26.9,17.3,1,2,1,2,9.9,0
47.5,60.8,18.4,59.5,2,1,1,1,80.3,2
40.8,18.6,23.7,38.8,2,1,2,2,61.5,2
37.5,79.7,3.5,49.5,1,1,3,2,75.9,2
26.4,82.3,2.6,31.2,1,1,1,1,21.5,0
40.3,68.2,17.5,49.7,2,1,2,3,83.7,3
33.4,49.0,10.8,35.6,3,2,1,1,55.1,1
33.7,72.9,29.7,36.5,1,2,3,2,59.0,1
35.1,27.7,23.3,33.1,1,3,2,2,49.3,1
28.8,58.9,25.6,27.5,2,1,2,2,38.6,1
43.5,50.5,25.1,49.3,1,1,2,2,67.6,2
37.3,69.5,14.3,45.1,3,2,3,2,86.9,3
26.8,26.7,14.6,24.8,1,1,1,2,17.8,0
35.8,16.9,15.9,33.8,1,1,2,2,37.7,1
33.1,61.3,34.4,32.6,3,1,2,2,54.7,1
19.1,80.0,27.2,17.1,2,3,3,2,35.5,0
38.1,59.2,28.7,41.5,3,2,2,1,69.3,2
41.7,48.7,12.4,48.2,1,2,3,3,81.0,3
19.2,51.2,8.9,17.2,2,1,1,2,10.6,0
19.7,61.5,14.2,17.7,3,2,2,1,29.3,0
25.9,55.9,15.6,25.0,2,3,3,2,50.1,1
30.0,27.1,21.6,28.0,2,1,3,2,42.2,1
28.0,22.1,31.0,26.0,2,1,2,2,32.3,0
33.7,46.0,23.6,33.0,2,2,1,3,49.3,1
45.5,46.0,27.1,51.1,3,1,1,2,78.3,2
22.0,53.5,6.8,21.3,2,1,2,2,25.3,0
37.9,83.0,23.8,47.2,2,1,1,2,69.4,2
19.3,54.3,17.2,17.3,2,3,2,3,37.4,1
28.6,50.7,28.4,26.6,2,2,2,3,46.4,1
37.7,85.4,5.3,49.7,1,2,2,2,70.0,2
28.7,66.5,19.3,29.6,2,2,2,2,48.9,1
39.3,37.4,3.5,43.4,1,2,1,3,60.9,1
32.5,19.1,32.4,30.5,1,1,1,2,29.5,0
27.7,18.9,15.2,25.7,3,1,2,2,44.7,1
20.2,18.0,23.1,18.2,3,1,2,1,22.1,0
44.5,33.6,34.1,44.2,3,2,1,2,73.6,2
35.2,38.5,32.2,33.2,3,3,2,3,79.2,2
46.6,80.2,4.2,58.6,1,1,1,2,74.4,2
44.1,43.4,33.2,46.7,1,2,1,3,67.7,2
38.1,68.0,9.7,47.1,2,3,2,2,87.5,3
20.7,59.7,32.4,18.7,2,2,3,2,35.0,0
23.3,22.2,30.2,21.3,2,1,1,2,15.7,0
41.9,16.9,17.4,39.9,1,1,1,2,43.6,1
25.6,29.1,6.0,23.6,2,2,2,2,38.6,1
40.2,88.9,22.1,52.2,2,1,1,3,78.2,2
44.9,21.2,23.9,42.9,2,2,2,3,76.7,2
41.6,39.0,11.0,45.8,2,2,1,2,68.3,2
42.5,31.3,18.1,43.6,2,1,3,2,72.8,2
30.2,68.2,34.9,29.0,3,2,1,1,40.5,1
46.9,65.8,34.0,58.9,2,2,2,2,100.0,3
44.7,48.2,16.9,52.4,1,2,3,2,85.8,3
46.6,15.1,34.9,44.6,2,3,1,3,79.1,2
43.5,25.2,24.4,42.1,3,1,2,1,65.7,2
45.0,31.7,16.4,47.8,2,1,2,2,73.6,2
43.9,64.1,12.8,55.9,2,1,2,2,87.1,3
18.8,28.1,10.1,16.8,3,1,1,2,15.5,0
22.2,79.7,28.8,20.2,1,1,2,1,14.9,0
24.5,60.4,27.8,22.5,1,3,1,2,23.4,0
22.7,29.6,24.6,20.7,1,3,3,2,38.7,1
19.3,32.3,30.3,17.3,2,3,1,3,28.6,0
19.9,72.8,8.9,19.7,3,3,2,3,45.8,1
25.7,58.9,17.9,24.6,1,3,1,1,22.1,0
25.0,35.2,13.9,23.0,1,2,1,2,20.4,0
26.8,81.4,6.9,30.9,1,1,2,2,31.9,0
27.5,20.1,30.9,25.5,1,1,1,2,18.1,0
32.9,49.8,5.1,36.1,1,2,3,2,61.3,2
34.1,92.2,4.8,45.4,1,1,1,1,50.8,1
24.9,53.5,15.6,23.4,2,3,1,2,37.2,1
19.4,68.7,22.8,17.4,1,1,1,2,5.2,0
19.6,66.4,23.5,17.6,1,3,3,2,30.4,0
20.2,90.4,7.9,21.7,2,1,1,1,19.2,0
19.6,91.7,16.2,19.3,1,2,3,3,34.5,0
42.9,28.5,26.4,41.8,1,2,1,2,54.1,1
19.1,40.2,10.5,17.1,2,2,1,3,18.1,0
24.2,74.2,6.6,26.3,1,1,1,3,28.0,0
25.0,93.2,6.3,29.5,2,1,1,2,36.7,1
36.4,18.7,4.5,35.3,2,1,1,2,46.2,1
21.0,33.2,7.8,19.0,1,1,3,2,23.0,0
25.6,81.6,15.6,27.4,1,1,1,2,25.3,0
27.0,79.3,22.1,28.0,2,1,1,2,29.2,0
40.4,73.4,21.3,50.4,1,1,2,2,71.2,2
36.8,84.4,10.0,48.1,2,2,2,1,73.4,2
30.1,77.0,13.0,34.4,1,1,3,2,48.8,1
28.0,82.8,10.8,32.2,2,1,1,2,40.6,1
36.6,48.3,11.9,40.0,1,2,1,2,48.5,1
43.5,70.8,7.3,55.5,3,2,3,3,100.0,3
38.0,42.0,20.5,39.2,2,2,2,2,66.6,2
44.4,61.1,31.3,53.0,2,1,1,3,81.1,3
45.7,27.1,5.4,49.5,2,1,2,2,74.2,2
46.0,91.1,26.6,58.0,2,1,1,3,89.3,3
33.0,49.3,24.1,32.5,1,2,1,2,40.2,1
26.9,52.6,23.1,24.9,2,2,2,2,39.4,1
43.8,68.9,18.5,55.8,1,3,2,1,87.6,3
31.9,17.3,2.8,30.0,3,1,1,2,45.0,1
18.1,22.6,19.7,16.1,2,1,2,2,20.6,0
34.7,26.2,26.2,32.7,2,1,3,3,57.1,1
41.0,77.6,16.6,53.0,1,2,3,2,89.0,3
47.7,65.6,14.8,59.7,2,1,2,3,100.0,3
22.2,89.5,30.4,20.2,2,3,1,2,30.1,0
35.2,55.5,23.9,36.9,3,1,2,2,60.5,1
31.8,64.6,16.9,34.5,2,1,3,2,58.1,1
27.9,63.0,3.1,31.1,3,1,1,2,47.1,1
39.6,60.4,11.0,47.8,2,2,1,2,73.1,2
26.2,36.8,17.7,24.2,2,3,2,2,41.9,1
21.0,18.6,20.6,19.0,2,1,2,3,24.0,0
43.9,54.5,9.1,54.3,1,1,2,1,74.4,2
37.6,62.2,23.7,42.2,2,1,1,3,61.7,2
22.8,87.9,7.0,25.5,2,3,3,3,54.9,1
19.0,92.2,30.9,17.0,2,1,1,3,18.0,0
41.1,35.6,31.5,40.1,3,1,1,1,57.8,1
20.2,19.9,17.8,18.2,3,1,3,3,41.2,1
21.0,88.7,14.6,21.4,1,2,1,2,19.6,0
24.1,25.8,25.3,22.1,2,1,3,1,30.9,0
22.1,87.5,24.1,21.1,1,3,2,3,35.5,0
22.0,57.7,30.1,20.0,1,1,2,2,16.2,0
41.2,63.6,34.0,47.0,2,2,2,2,75.1,2
25.2,78.1,4.6,28.5,3,1,2,1,43.4,1
47.6,24.8,21.1,48.4,1,1,1,2,60.4,1
25.1,88.6,9.2,28.6,1,2,2,2,36.4,1
29.7,47.5,10.4,30.2,1,1,1,2,24.8,0
20.3,26.1,14.0,18.3,2,3,3,2,39.6,1
34.3,71.4,11.1,40.8,2,3,2,2,66.0,2
35.9,93.5,3.0,47.9,1,3,2,2,77.5,2
31.5,90.1,32.3,34.9,1,1,2,3,48.4,1
37.1,21.9,7.2,36.2,2,2,1,2,50.5,1
25.8,84.9,17.7,27.6,2,1,3,2,43.5,1
18.2,80.5,18.8,16.2,3,1,1,1,17.5,0
39.0,50.6,28.7,41.0,3,1,2,3,71.6,2
38.2,94.1,28.5,49.4,1,1,1,2,63.3,2
23.1,55.1,5.7,23.1,1,2,1,2,18.7,0
34.7,37.7,19.7,33.7,2,3,2,2,59.8,1
36.2,62.6,3.1,44.0,1,1,2,2,57.8,1
29.2,77.5,25.2,30.6,3,1,1,3,47.9,1
41.2,30.5,33.9,39.2,3,3,1,2,66.4,2
18.2,89.4,11.5,18.1,2,3,1,2,22.1,0
47.4,62.9,17.3,59.4,1,1,2,3,93.6,3
36.7,87.8,25.5,45.6,1,1,2,3,67.0,2
21.8,76.0,27.1,19.8,1,2,1,2,14.9,0
44.5,25.3,3.2,47.6,1,2,2,2,69.3,2
18.7,32.8,13.4,16.7,3,2,2,1,29.5,0
35.6,24.2,6.8,34.9,1,2,2,2,48.3,1
25.5,88.4,9.9,29.1,2,2,1,3,38.0,1
45.4,77.7,21.5,57.4,1,2,2,2,86.9,3
35.3,73.9,29.5,39.5,2,1,2,2,57.8,1
36.2,58.5,2.5,43.3,1,1,1,2,51.7,1
25.0,75.5,14.3,26.1,3,1,1,2,37.1,1
37.9,20.5,21.4,35.9,2,1,1,1,41.2,1
26.4,53.3,15.1,25.5,2,2,3,2,45.1,1
33.0,87.8,12.7,41.1,3,1,1,1,61.7,2
40.3,87.1,7.7,52.3,1,1,1,1,61.2,2
39.6,42.4,33.1,39.2,1,1,2,2,48.1,1
26.5,91.5,32.6,26.6,1,3,2,2,40.3,1
31.6,34.1,27.2,29.6,1,1,2,2,34.2,0
26.7,29.5,9.3,24.7,1,2,3,1,31.5,0
18.6,81.3,22.0,16.6,1,3,2,2,22.0,0
31.3,22.9,11.8,29.3,1,1,1,2,22.7,0
41.1,87.4,13.9,53.1,1,1,2,2,76.9,2
32.2,94.2,2.2,42.7,1,1,1,1,45.5,1
35.6,55.0,12.0,39.8,2,3,1,1,63.9,2
30.5,68.7,3.6,35.7,2,2,1,2,48.0,1
36.1,15.2,23.3,34.1,1,2,1,1,35.2,0
22.4,82.3,14.4,22.9,2,1,2,2,24.3,0
27.3,73.2,21.1,27.9,2,3,1,2,47.7,1
41.4,73.2,34.3,49.8,1,1,3,2,70.8,2
34.0,21.0,12.9,32.0,1,2,3,2,51.3,1
41.5,24.5,11.8,41.6,2,1,2,3,70.7,2
47.2,49.2,15.9,57.4,2,1,1,2,82.1,3
44.9,48.4,6.1,54.9,2,1,1,2,78.1,2
30.2,20.9,25.8,28.2,1,1,1,1,21.2,0
32.4,58.8,32.6,31.5,1,2,2,2,41.6,1
24.0,53.9,19.8,22.0,2,1,1,3,26.4,0
33.5,37.8,18.9,32.3,2,3,1,2,52.0,1
18.6,17.3,26.6,16.6,2,1,3,2,26.2,0
34.1,87.6,6.9,44.2,1,2,1,2,56.1,1
33.1,45.4,22.2,32.3,1,1,3,2,47.8,1
21.1,67.7,8.7,21.0,2,1,2,3,29.5,0
33.7,18.3,5.2,31.8,1,3,3,3,62.3,2
22.9,49.2,11.7,21.1,2,3,3,3,46.5,1
32.6,94.5,12.4,41.5,1,3,3,2,76.6,2
43.0,68.8,12.4,55.0,2,2,3,2,97.7,3
30.8,28.2,28.9,28.8,2,2,3,1,48.2,1
30.2,26.0,2.2,29.4,2,1,2,2,38.3,1
21.3,80.5,3.8,23.3,2,1,2,2,29.1,0
32.8,62.8,9.6,37.2,1,1,2,2,46.3,1
44.0,20.8,21.0,42.1,1,3,2,3,77.5,2
23.6,78.0,11.7,24.8,2,2,3,3,49.0,1
18.2,87.9,34.1,16.2,2,1,3,2,19.9,0
43.9,38.3,23.6,46.7,2,1,2,2,73.9,2
38.4,90.7,34.5,47.9,1,1,2,2,67.3,2
22.7,19.5,20.7,20.7,2,1,2,2,21.6,0
18.4,30.8,22.8,16.4,2,3,2,3,36.5,1
30.8,15.3,4.2,28.8,1,2,1,3,38.3,1
39.6,56.4,18.6,45.4,1,1,1,3,54.9,1
34.3,31.4,26.8,32.3,2,1,2,1,41.1,1
47.3,58.2,15.4,59.3,2,2,2,2,98.9,3
43.6,66.2,10.4,55.6,3,3,3,2,100.0,3
45.5,37.4,25.6,48.6,1,3,1,2,73.2,2
40.9,22.5,20.6,38.9,1,1,2,3,55.8,1
28.0,46.3,17.7,26.3,2,2,2,2,40.9,1
19.8,85.2,9.2,20.5,2,2,2,2,32.4,0
20.0,37.5,11.0,18.0,1,1,3,2,19.4,0
38.6,81.7,8.3,50.6,2,1,2,2,77.9,2
33.2,30.8,22.6,31.200000000000003,1,3,2,2,49.8,1
26.5,23.8,29.7,24.5,2,1,1,3,34.8,0
41.7,67.6,15.4,52.6,2,2,2,2,89.5,3
39.1,49.9,5.5,45.6,2,1,3,2,75.7,2
35.1,81.1,14.7,43.3,1,2,2,2,64.0,2
22.8,20.3,30.7,20.8,2,3,1,3,35.5,0
28.7,58.1,21.4,28.1,2,1,1,2,32.7,0
28.9,34.2,10.2,27.4,2,2,2,2,40.1,1
20.8,87.4,25.1,19.0,1,1,2,2,16.2,0
26.0,49.0,20.1,24.0,2,1,3,2,42.2,1
28.2,27.6,29.2,26.2,1,2,2,2,32.9,0
37.4,35.4,4.3,40.0,1,2,1,2,52.3,1
27.0,23.5,9.9,25.0,3,1,1,3,36.9,1
34.1,60.1,17.6,37.2,3,3,2,2,75.4,2
43.3,91.0,28.2,55.3,2,3,3,1,100.0,3
44.4,55.1,6.6,55.9,1,2,2,3,92.6,3
19.8,50.4,4.7,18.7,1,3,2,2,29.4,0
23.8,69.0,18.1,23.0,3,3,1,2,44.2,1
31.4,52.6,27.0,30.1,3,2,3,3,64.7,2
38.3,61.6,17.7,44.5,1,2,2,2,63.4,2
26.9,63.6,25.9,25.3,1,3,1,2,31.7,0
18.5,64.2,14.1,16.5,1,3,1,1,7.6,0
28.9,77.4,22.6,30.6,3,1,3,2,54.3,1
40.8,34.5,22.6,41.1,1,1,2,2,53.6,1
21.4,54.4,23.1,19.4,1,3,1,2,20.3,0
20.9,20.5,25.4,18.9,3,1,1,1,15.0,0
39.5,68.6,29.9,45.9,3,2,3,3,98.1,3
24.1,40.5,18.8,22.1,2,1,3,2,36.9,1
32.2,22.3,10.3,30.200000000000003,1,3,2,2,48.0,1
37.0,83.2,24.4,45.4,1,1,3,1,66.2,2
22.2,67.6,16.0,21.0,1,2,1,2,16.3,0
25.9,86.1,31.8,25.2,3,1,1,1,30.4,0
40.0,67.6,2.7,51.9,1,1,1,2,62.5,2
41.7,40.6,21.4,44.3,2,1,1,1,57.2,1
37.6,73.4,31.0,43.2,2,1,1,3,61.6,2
43.4,87.8,14.6,55.4,2,3,1,1,88.0,3
19.1,19.2,29.1,17.1,2,1,2,1,12.9,0
18.1,90.2,30.2,16.1,2,1,2,3,22.1,0
26.4,41.8,31.1,24.4,2,1,2,2,35.4,0
24.9,88.9,25.3,25.2,2,1,1,2,23.5,0
37.3,55.9,28.8,39.4,1,1,2,2,52.4,1
28.5,93.7,27.1,31.2,1,1,2,2,35.6,0
28.4,72.4,4.4,32.8,3,3,1,2,59.7,1
34.5,32.0,27.7,32.5,1,3,2,3,52.4,1
26.7,26.2,20.4,24.7,3,2,1,2,36.9,1
25.0,94.9,26.2,25.8,1,1,2,2,23.2,0
44.0,55.7,17.8,53.2,3,1,2,3,96.6,3
24.5,89.1,16.3,26.3,2,2,1,1,26.0,0
41.5,27.9,32.5,39.5,1,1,2,2,46.5,1
33.4,70.3,2.4,40.8,2,1,2,1,52.4,1
23.1,59.0,23.1,21.1,2,2,3,1,36.4,1
26.7,61.7,28.7,24.7,2,1,1,2,23.6,0
27.7,63.3,18.4,27.9,1,2,1,2,29.0,0
46.8,57.6,12.5,58.8,3,3,3,2,100.0,3
46.4,46.0,17.9,54.5,2,2,3,1,92.5,3
46.7,84.0,30.6,58.7,1,1,2,1,85.4,3
33.8,18.2,30.8,31.799999999999997,1,1,2,1,36.4,1
26.1,71.3,8.0,28.5,3,2,3,2,59.1,1
25.0,16.3,6.7,23.0,1,1,2,1,16.2,0
37.0,20.1,18.7,35.0,3,1,1,2,54.1,1
37.3,42.6,34.9,35.4,1,3,2,2,54.8,1
21.6,59.9,14.7,19.8,3,1,3,2,39.6,1
25.9,28.8,14.7,23.9,2,1,2,2,30.8,0
28.9,52.6,28.2,26.9,2,3,2,2,50.9,1
42.2,76.0,12.1,54.2,3,3,1,2,95.6,3
41.3,54.7,3.6,50.8,1,3,2,2,81.1,3
24.6,41.4,4.2,24.0,1,1,2,2,28.4,0
42.7,43.3,30.8,44.8,1,2,1,1,53.1,1
24.9,90.2,13.7,27.6,2,1,1,2,34.2,0
32.8,49.7,14.9,34.0,1,1,1,3,39.9,1
33.7,15.4,18.8,31.700000000000003,2,1,2,2,42.0,1
41.1,63.8,9.2,51.7,3,1,1,3,83.6,3
28.1,57.8,13.7,28.7,2,2,1,1,34.7,0
47.8,17.6,7.8,48.7,1,1,2,1,60.3,1
45.5,75.7,27.0,57.5,2,2,2,3,100.0,3
32.7,26.4,34.1,30.700000000000003,1,2,3,2,48.1,1
34.9,17.3,15.9,32.9,1,3,1,1,38.8,1
22.0,70.8,2.2,23.7,3,1,1,2,30.4,0
44.5,26.1,17.3,45.1,1,2,2,2,68.9,2
24.7,54.3,30.3,22.7,2,1,2,2,29.6,0
37.7,61.1,11.1,44.6,3,1,1,2,69.7,2
25.9,59.1,29.7,23.9,1,1,2,1,19.9,0
24.7,30.4,25.6,22.7,1,1,3,2,28.2,0
40.7,93.1,28.3,52.7,3,2,2,2,99.7,3
45.7,42.5,13.8,52.9,2,1,2,1,79.6,2
40.9,25.9,8.2,41.9,3,1,1,2,57.5,1
22.2,21.9,12.5,20.2,2,3,2,2,41.7,1
40.4,75.9,10.5,52.4,1,2,1,2,77.9,2
37.7,46.4,2.5,43.2,2,1,2,1,65.0,2
43.0,34.2,28.1,43.2,1,2,1,1,51.2,1
27.3,17.6,12.9,25.3,2,2,1,3,31.2,0
45.4,71.3,15.8,57.4,1,3,3,3,100.0,3
42.8,57.5,20.3,51.0,3,1,1,3,89.7,3
37.7,67.0,3.9,47.3,1,3,2,2,77.6,2
23.3,72.8,5.5,25.1,1,1,2,2,23.7,0
32.0,63.5,4.1,37.1,2,1,1,2,47.1,1
33.6,71.6,23.3,37.3,1,3,1,3,62.0,2
20.5,18.1,23.6,18.5,1,3,2,1,18.5,0
30.2,69.7,5.8,34.9,2,1,1,3,46.7,1
46.8,79.7,32.0,58.8,1,1,1,2,78.0,2
19.6,55.3,9.5,17.9,2,1,2,2,18.9,0
35.0,21.0,12.6,33.0,1,1,2,1,35.3,0
33.4,51.1,2.0,37.7,2,1,2,2,55.7,1
39.9,44.9,8.5,45.1,1,1,1,3,63.1,2
29.3,79.6,10.1,34.0,2,2,3,2,62.0,2
27.3,42.7,3.8,27.7,2,2,2,2,43.8,1
26.2,63.4,25.7,24.3,1,1,2,2,27.7,0
26.9,20.5,25.5,24.9,1,2,2,1,27.1,0
34.5,25.6,7.7,33.6,1,2,1,2,39.9,1
29.3,23.0,12.2,27.3,1,1,2,2,27.6,0
18.9,59.0,8.5,17.5,2,3,2,2,32.5,0
39.7,66.0,9.3,49.6,3,1,2,2,89.9,3
32.4,34.6,14.6,31.1,1,2,2,2,44.6,1
32.6,53.6,3.5,36.6,1,1,1,2,39.7,1
45.4,51.5,16.3,54.8,1,1,2,2,71.8,2
38.1,82.0,12.6,49.6,1,1,2,1,67.2,2
40.6,64.8,28.4,47.3,1,1,1,2,60.5,1
22.3,46.6,13.2,20.3,3,2,2,2,38.4,1
38.5,24.3,26.9,36.5,2,1,1,2,49.0,1
35.5,47.1,6.4,39.2,2,3,3,2,77.3,2
28.9,31.6,5.2,28.0,2,3,2,2,50.6,1
47.8,28.3,6.6,52.8,2,3,2,2,93.9,3
26.9,46.3,14.6,25.5,2,1,1,2,27.1,0
38.4,20.7,17.1,36.4,2,2,1,2,50.6,1
24.8,63.1,34.7,22.8,2,1,3,2,37.1,1
18.8,35.0,12.3,16.8,2,2,2,3,30.4,0
34.5,77.4,9.6,42.6,1,2,2,2,61.5,2
37.2,47.1,9.5,41.2,3,2,2,1,74.9,2
39.2,90.8,5.7,51.2,2,1,1,2,71.5,2
24.7,20.2,32.0,22.7,1,2,2,2,28.8,0
21.8,27.6,17.8,19.8,2,1,2,2,24.6,0
35.5,94.1,15.2,46.4,1,3,1,2,64.8,2
39.8,67.5,29.5,46.3,2,1,2,2,68.1,2
19.7,27.9,30.7,17.7,1,1,1,3,11.3,0
28.7,74.0,20.2,30.4,2,1,3,3,47.1,1
31.0,54.4,22.9,30.6,2,3,2,2,55.0,1
24.0,22.5,21.7,22.0,3,1,1,3,41.1,1
40.3,75.3,5.4,52.3,2,2,1,3,84.7,3
43.2,31.9,30.1,42.5,2,2,3,1,72.1,2
33.9,90.8,25.0,40.8,1,1,3,2,57.4,1
23.7,69.7,7.7,24.9,1,3,2,2,37.7,1
21.6,82.0,4.5,23.7,2,2,1,1,25.5,0
36.1,19.5,17.7,34.1,1,1,1,2,32.2,0
28.0,33.0,24.9,26.0,3,3,1,2,43.8,1
21.7,53.5,11.2,20.1,2,2,1,3,25.6,0
41.3,86.4,5.5,53.3,3,1,2,2,89.3,3
20.0,74.1,34.4,18.0,3,1,2,2,32.6,0
23.4,89.8,29.0,22.3,3,2,2,1,35.9,0
35.1,35.9,10.5,35.7,3,2,2,2,63.5,2
20.8,46.2,27.6,18.8,2,1,2,2,18.5,0
28.1,91.6,3.5,34.9,2,2,1,3,56.6,1
35.4,52.2,22.8,36.8,3,1,3,2,71.4,2
31.8,65.9,31.4,31.9,1,3,3,2,53.1,1
33.2,20.3,8.8,31.200000000000003,3,1,3,2,57.4,1
32.4,33.1,11.7,31.4,1,3,1,2,41.3,1
37.4,73.8,33.2,42.5,1,2,3,3,74.7,2
30.4,88.0,8.1,37.4,1,1,3,1,53.4,1
34.3,66.9,12.2,39.8,1,1,3,3,62.8,2
38.0,27.6,11.2,37.8,3,2,1,2,66.3,2
31.2,43.1,31.5,29.2,1,2,2,2,40.7,1
26.2,64.0,21.0,25.3,1,1,1,2,17.8,0
39.2,86.8,17.4,51.2,1,3,1,3,85.5,3
36.7,55.7,29.2,38.3,1,1,3,2,55.3,1
18.8,31.0,14.6,16.8,2,1,2,3,29.0,0
25.3,45.6,14.6,23.3,2,3,2,1,37.9,1
23.0,42.8,9.6,21.1,1,2,1,1,13.5,0
23.8,69.1,29.6,21.8,2,2,1,2,21.9,0
36.9,26.9,2.1,38.0,2,1,2,2,57.6,1
38.2,58.1,9.6,45.1,1,1,1,3,63.0,2
40.1,45.5,31.8,41.0,1,1,2,3,59.0,1
25.5,60.0,14.7,25.1,2,1,1,1,19.3,0
26.1,42.2,29.5,24.1,2,1,3,3,39.1,1
42.2,94.1,22.1,54.2,3,3,3,3,100.0,3
25.5,49.2,31.8,23.5,3,1,1,2,35.0,0
30.1,18.6,17.1,28.1,3,2,1,2,48.0,1
41.9,42.2,6.5,47.9,2,1,3,3,85.6,3
30.1,45.2,33.8,28.1,2,2,2,2,40.8,1
18.5,71.1,17.1,16.5,3,2,3,3,42.6,1
43.4,64.7,32.0,51.9,1,3,1,2,78.4,2
41.9,91.1,32.8,53.9,2,1,2,2,82.6,3
37.6,21.1,26.0,35.6,2,1,1,2,45.6,1
26.8,60.0,25.9,24.8,1,1,1,3,19.5,0
31.0,56.4,2.6,34.8,3,3,1,3,66.0,2
37.4,77.5,15.5,46.7,2,2,1,2,75.1,2
40.5,36.1,7.9,44.0,2,1,3,2,75.1,2
23.0,41.5,16.7,21.0,1,1,1,1,8.6,0
34.2,84.7,35.0,38.4,2,1,1,3,50.9,1
33.4,78.2,22.8,38.2,2,1,2,2,56.5,1
34.8,19.1,14.7,32.8,1,1,1,3,34.1,0
18.7,21.4,27.2,16.7,2,2,2,1,19.9,0
18.0,38.5,32.4,16.0,3,1,3,2,28.0,0
31.8,56.9,27.0,31.3,1,1,1,1,27.8,0
24.5,39.3,11.3,22.5,2,1,2,2,26.7,0
40.4,72.5,9.7,52.4,2,2,1,2,78.5,2
32.3,82.4,31.8,35.2,2,1,1,2,44.9,1
26.4,43.6,17.2,24.4,2,2,3,2,47.1,1
27.4,18.3,22.3,25.4,3,3,2,3,57.4,1
25.9,54.7,27.5,23.9,1,1,1,2,15.0,0
28.0,62.0,30.0,26.0,2,1,1,3,35.3,0
18.8,75.3,9.9,18.3,1,1,2,1,7.9,0
44.0,48.7,13.7,51.9,1,1,1,1,60.6,1
27.5,52.7,8.9,28.1,2,1,2,2,37.7,1
43.5,74.1,28.3,55.5,1,1,2,2,78.9,2
26.7,36.1,10.1,24.9,3,3,2,2,52.6,1
45.4,84.2,6.3,57.4,2,3,2,3,100.0,3
38.1,16.1,33.6,36.1,1,1,3,2,55.3,1
42.4,61.8,26.9,50.2,1,1,1,2,64.7,2
35.9,60.4,26.3,38.5,3,3,1,1,67.1,2
40.5,50.8,32.7,42.8,2,1,2,2,62.7,2
30.8,22.4,23.2,28.8,2,2,2,2,42.2,1
30.0,67.1,27.8,30.0,1,3,2,1,41.4,1
29.2,25.7,15.3,27.2,3,2,1,2,47.2,1
39.0,70.3,2.1,50.7,1,2,2,3,83.5,3
43.7,40.2,29.7,45.8,2,2,2,3,81.8,3
20.0,85.1,19.6,18.7,1,1,1,3,11.6,0
24.4,62.3,5.0,25.7,2,2,1,2,32.2,0
21.8,30.0,22.0,19.8,1,1,3,3,29.3,0
23.0,72.8,27.8,21.0,2,1,1,1,16.7,0
40.6,47.5,12.2,46.1,3,1,1,2,69.7,2
47.1,88.5,4.5,59.1,2,1,1,2,86.3,3
30.6,40.5,28.9,28.6,1,3,3,2,56.1,1
28.9,28.4,5.9,27.5,2,1,3,3,52.2,1
27.1,85.9,28.2,27.8,1,1,3,3,42.8,1
27.9,79.6,29.7,28.0,3,1,2,2,47.4,1
46.3,22.8,9.3,48.2,2,3,1,3,87.2,3
41.0,73.6,34.8,49.0,3,1,1,2,76.6,2
47.5,28.8,32.2,47.5,1,2,1,2,68.0,2
43.2,93.2,30.0,55.2,3,2,1,1,87.8,3
23.8,22.3,4.9,21.8,2,1,1,2,22.4,0
37.2,44.0,30.0,36.5,3,1,1,1,49.2,1
31.2,22.0,25.5,29.2,3,2,3,2,61.5,2
36.4,39.2,27.3,34.9,1,1,3,2,49.4,1
47.6,39.3,27.8,52.3,2,1,2,1,74.6,2
46.2,83.6,21.7,58.2,1,1,1,1,69.4,2
21.1,48.5,5.5,20.0,2,1,2,2,20.9,0
20.8,19.7,26.9,18.8,3,2,2,1,29.8,0
40.2,47.4,6.7,46.5,3,3,1,1,78.1,2
42.3,43.5,23.1,45.7,1,2,3,2,73.8,2
33.9,65.5,18.4,37.7,2,2,2,1,57.4,1
35.1,26.1,28.4,33.1,2,3,2,2,59.4,1
31.7,71.3,7.2,37.3,1,3,2,3,60.6,1
26.0,42.2,18.3,24.0,1,3,2,3,41.2,1
26.9,29.9,25.7,24.9,1,2,2,3,37.3,1
37.3,71.5,6.9,46.9,2,2,1,2,70.9,2
41.7,81.5,10.7,53.7,2,1,1,2,77.8,2
31.5,79.4,24.9,34.7,2,1,2,1,47.5,1
47.2,61.8,12.9,59.2,1,2,1,1,77.6,2
29.7,65.2,13.7,32.0,3,1,2,2,55.6,1
44.4,42.8,25.0,48.6,3,2,3,1,89.9,3
29.7,91.7,15.8,35.2,1,3,3,1,57.9,1
39.8,30.5,14.6,40.3,3,1,2,2,68.7,2
31.4,85.6,26.9,35.1,2,1,1,2,44.0,1
43.7,56.7,28.3,50.9,2,2,2,3,86.2,3
35.1,39.6,21.4,34.3,2,1,3,2,58.1,1
31.2,59.9,21.4,32.0,3,3,2,2,64.7,2
19.7,60.2,26.0,17.7,1,2,2,3,22.4,0
33.5,80.2,19.4,39.4,2,3,1,2,66.5,2
22.5,86.3,14.1,23.5,2,2,2,3,43.8,1
39.5,87.1,27.1,50.8,1,1,1,2,68.6,2
31.1,55.8,13.3,32.8,2,1,3,2,56.6,1
33.1,63.9,15.2,36.8,1,2,2,2,49.9,1
26.4,41.0,21.0,24.4,1,1,1,2,18.6,0
28.3,78.0,12.9,31.7,2,3,2,2,55.8,1
34.1,51.6,11.1,37.0,3,1,2,3,63.3,2
45.9,49.3,12.7,55.7,1,2,1,2,82.3,3
32.8,35.6,9.4,32.8,2,1,1,2,40.1,1
44.6,63.9,16.5,56.6,2,1,2,3,91.8,3
19.5,91.4,13.6,19.7,2,1,3,2,30.3,0
40.8,41.2,17.7,43.8,2,1,1,1,55.1,1
26.4,58.3,26.6,24.4,1,2,1,2,19.5,0
33.6,35.3,23.6,31.6,1,1,2,2,35.4,0
19.0,15.6,8.7,17.0,3,2,1,3,32.0,0
25.3,78.6,19.4,25.9,2,2,1,2,31.3,0
25.8,48.3,2.5,26.6,1,1,1,2,15.9,0
45.9,81.0,15.3,57.9,2,1,1,2,86.7,3
24.2,89.0,30.1,23.2,1,2,1,2,19.2,0
28.5,50.6,22.7,26.6,2,3,1,1,31.0,0
47.4,85.4,33.3,59.4,3,2,3,2,100.0,3
43.8,68.9,17.0,55.8,3,2,1,1,87.4,3
23.5,35.8,33.1,21.5,1,1,2,2,16.1,0
36.3,81.6,29.4,42.8,3,1,2,2,74.3,2
35.1,23.0,18.7,33.1,2,1,1,2,39.4,1
41.8,63.3,7.5,53.2,1,1,3,2,80.4,2
23.3,75.7,27.1,21.3,2,2,2,2,29.5,0
29.4,40.5,31.6,27.4,2,1,1,2,30.9,0
37.5,71.7,23.1,44.2,1,3,2,2,68.9,2
30.3,60.1,33.4,28.3,2,3,1,2,43.6,1
44.9,54.0,33.2,51.4,2,1,1,2,70.8,2
47.8,68.1,5.6,59.8,3,2,2,3,100.0,3
41.0,64.2,10.7,51.3,2,3,2,2,90.4,3
46.3,52.5,18.5,56.4,2,1,1,2,82.3,3
39.9,54.0,5.1,47.9,2,3,1,2,78.1,2
43.8,57.9,33.9,50.3,1,1,2,2,68.9,2
41.6,81.9,18.0,53.6,2,3,1,2,87.6,3
22.7,86.8,19.5,22.8,3,2,1,1,28.6,0
23.0,32.1,26.3,21.0,2,2,2,2,29.5,0
42.2,94.8,16.7,54.2,2,1,3,2,92.6,3
32.7,79.7,29.1,36.0,1,1,2,2,37.1,1
33.5,32.3,33.0,31.5,1,2,1,2,31.8,0
23.7,81.0,5.3,26.5,1,1,2,2,28.4,0
40.5,90.2,17.2,52.5,2,1,1,2,75.4,2
39.0,29.2,19.5,37.9,1,1,3,1,49.8,1
42.3,33.9,20.1,43.7,2,2,2,2,69.9,2
28.6,30.8,16.1,26.6,3,1,2,2,41.0,1
32.7,51.4,6.4,35.8,2,1,1,2,44.6,1
42.0,80.6,26.9,54.0,2,1,1,2,79.6,2
32.8,39.8,22.3,31.0,2,3,3,2,61.3,2
39.4,73.2,15.7,49.5,2,3,3,2,97.3,3
41.0,92.9,24.0,53.0,2,3,2,2,94.6,3
28.9,65.3,29.8,27.7,2,1,3,2,46.7,1
46.5,68.6,9.8,58.5,2,3,3,2,100.0,3
42.0,26.3,18.7,41.4,2,1,3,1,65.5,2
46.7,78.7,7.5,58.7,1,2,1,1,75.8,2
29.3,88.9,21.3,33.1,2,2,3,1,53.4,1
27.2,93.1,27.0,29.0,2,1,2,2,42.8,1
29.2,32.2,14.4,27.2,3,1,3,1,50.1,1
34.0,83.0,31.9,38.3,1,1,3,1,53.0,1
47.0,70.0,6.8,59.0,1,3,2,1,90.5,3
46.5,49.3,11.9,56.9,1,2,1,2,79.5,2
20.4,45.6,6.4,18.8,1,1,2,2,13.5,0
19.8,22.8,8.1,17.8,1,1,1,1,5.0,0
33.2,85.3,15.0,40.6,1,3,1,2,61.4,2
32.5,23.7,19.9,30.5,2,1,2,2,42.3,1
32.5,67.3,24.7,34.5,1,1,3,2,51.7,1
43.4,46.6,3.6,52.2,1,2,3,2,87.4,3
24.8,81.2,7.3,27.7,3,2,2,2,49.6,1
35.7,21.7,3.2,35.2,2,2,1,2,50.9,1
29.6,87.9,28.3,32.1,2,3,2,2,56.3,1
21.9,80.1,34.9,19.9,2,2,2,1,23.0,0
20.1,84.1,20.4,18.6,1,1,2,2,12.7,0
26.3,24.4,13.0,24.3,1,2,2,2,29.4,0
22.2,85.0,33.4,20.2,2,1,1,2,16.6,0
34.5,55.8,14.1,37.8,1,1,3,3,55.5,1
25.0,76.8,14.1,26.3,1,2,1,2,25.2,0
30.2,50.9,31.2,28.2,1,1,1,3,27.6,0
29.3,32.4,24.8,27.3,1,1,1,1,21.1,0
20.7,87.9,10.1,21.8,1,1,2,2,20.2,0
39.2,60.3,2.4,48.7,1,3,3,2,83.3,3
43.7,70.9,8.3,55.7,1,2,3,3,98.0,3
27.1,25.4,32.0,25.1,2,1,1,2,24.0,0
37.0,59.4,12.6,42.8,1,1,1,2,49.2,1
31.6,81.6,17.1,36.7,3,1,1,2,55.0,1
46.6,82.4,32.7,58.6,2,1,2,3,100.0,3
43.3,66.1,17.6,54.9,1,1,1,2,67.3,2
39.8,41.7,26.9,40.6,2,3,3,2,81.9,3
41.4,39.2,11.3,45.4,2,1,1,3,63.1,2
43.3,58.3,34.7,49.4,1,3,3,1,84.2,3
19.5,62.5,30.0,17.5,3,1,2,3,32.9,0
21.5,23.6,18.0,19.5,3,1,1,2,21.3,0
26.7,74.5,15.8,28.2,2,2,2,1,36.9,1
26.9,42.0,33.1,24.9,2,2,2,2,40.6,1
25.7,69.8,19.4,25.5,1,1,3,2,29.7,0
45.7,91.3,25.7,57.7,2,1,1,2,82.7,3
34.4,17.7,27.3,32.4,2,1,2,2,41.8,1
24.2,60.2,29.2,22.2,1,1,2,1,15.4,0
40.4,75.7,16.7,51.9,2,1,3,2,89.3,3
34.6,48.6,8.2,37.8,2,1,3,2,62.5,2
23.0,31.1,9.7,21.0,2,2,1,1,15.1,0
25.6,45.3,28.0,23.6,3,3,3,3,58.2,1
29.3,93.8,10.5,35.8,1,3,1,2,50.6,1
34.1,46.3,27.7,32.9,2,1,2,2,48.5,1
39.5,18.9,27.9,37.5,3,1,2,3,66.5,2
41.4,42.3,5.5,47.4,3,2,2,2,89.6,3
18.3,28.3,13.6,16.3,1,1,3,2,18.5,0
47.8,92.6,14.1,59.8,3,1,3,3,100.0,3
34.5,66.0,16.7,39.1,1,2,1,2,50.4,1
25.5,21.0,17.9,23.5,3,1,3,3,49.4,1
34.8,92.2,32.4,41.4,3,2,2,2,73.1,2
32.5,88.6,19.1,39.0,1,2,1,3,54.3,1
42.2,60.4,28.3,49.1,1,3,2,2,78.3,2
30.8,33.8,27.1,28.8,2,2,2,1,41.8,1
20.4,18.3,19.4,18.4,1,2,1,1,5.0,0
37.7,15.3,25.9,35.7,2,1,3,1,50.2,1
26.3,54.9,6.5,27.2,3,1,3,2,47.2,1
27.6,74.2,27.7,27.2,1,1,2,2,31.2,0
26.3,81.0,9.6,29.6,2,1,2,2,40.1,1
46.2,30.1,2.4,51.8,3,2,2,3,100.0,3
38.7,32.3,19.7,38.2,2,1,2,3,57.8,1
22.6,25.8,18.0,20.6,1,2,1,2,21.6,0
36.6,51.8,5.2,42.0,1,1,2,2,56.8,1
22.0,64.4,13.6,21.0,2,1,3,1,25.0,0
39.7,43.2,9.9,44.1,2,3,2,1,73.6,2
23.9,53.1,13.2,22.5,1,3,1,3,33.7,0
36.9,44.8,12.6,39.6,1,1,1,2,42.0,1
22.9,16.6,28.0,20.9,1,3,1,3,27.9,0
47.8,92.1,32.2,59.8,1,3,3,2,100.0,3
36.0,56.4,20.0,39.1,2,1,2,3,64.1,2
47.0,88.2,26.0,59.0,1,3,2,2,92.7,3
25.7,30.3,12.1,23.7,2,1,1,3,28.9,0
33.6,28.2,34.2,31.6,1,1,1,2,29.0,0
44.8,84.3,23.4,56.8,3,2,2,2,100.0,3
24.8,89.2,23.4,25.4,2,1,2,3,41.7,1
39.6,60.4,2.3,49.5,1,2,2,2,73.8,2
21.8,85.3,15.4,22.1,2,3,3,1,41.3,1
19.0,48.0,21.8,17.0,1,2,2,2,17.6,0
42.9,93.0,32.1,54.9,2,1,1,3,86.5,3
42.6,46.7,32.1,45.3,1,3,1,2,68.0,2
41.6,85.3,22.9,53.6,2,1,2,2,87.5,3
47.6,36.8,28.4,51.3,1,2,2,3,82.5,3
46.9,66.8,12.7,58.9,2,1,2,2,93.9,3
28.6,84.0,2.7,34.9,1,1,3,2,48.4,1
31.9,77.3,15.3,36.9,1,2,1,2,41.5,1
37.1,49.6,29.8,37.6,2,3,2,2,65.5,2
31.5,54.1,29.8,29.9,2,1,2,1,37.8,1
25.5,47.0,18.3,23.5,1,2,1,2,20.2,0
46.5,79.9,10.8,58.5,2,2,1,2,88.9,3
26.3,83.3,26.4,26.5,2,3,2,2,45.8,1
23.2,52.5,24.9,21.2,1,1,3,3,31.2,0
18.6,53.5,11.1,16.6,1,3,2,1,17.5,0
47.6,48.8,5.3,59.6,1,1,2,2,84.8,3
23.7,80.5,7.2,26.1,1,1,1,1,12.3,0
19.4,34.9,6.4,17.4,1,1,2,2,9.0,0
33.0,79.3,33.5,35.6,1,3,1,1,46.1,1
44.9,80.4,24.3,56.9,3,1,1,2,93.6,3
43.7,25.5,9.7,45.3,3,1,2,2,80.9,2
35.6,82.6,29.1,41.7,2,3,3,2,81.5,3
27.3,91.9,32.7,27.9,3,2,3,1,49.8,1
38.8,83.7,12.4,50.8,2,1,3,2,86.8,3
37.0,25.5,11.2,36.1,1,3,2,2,62.8,2
22.0,83.2,24.2,20.5,3,2,3,2,45.6,1
44.2,15.1,16.4,42.2,1,1,1,2,49.9,1
34.9,45.8,28.7,33.7,2,1,2,3,51.9,1
38.8,48.8,32.1,39.7,2,2,2,1,63.6,2
20.4,37.8,26.9,18.4,2,3,2,2,29.7,0
33.0,22.9,21.6,31.0,1,2,3,2,48.7,1
29.6,34.4,19.3,27.6,2,2,2,2,47.2,1
28.6,48.6,21.7,26.6,3,2,2,2,51.9,1
47.8,75.7,19.7,59.8,1,1,2,1,86.0,3
22.7,15.1,23.1,20.7,2,2,3,2,36.6,1
22.6,30.5,9.0,20.6,2,1,2,2,24.5,0
34.0,19.0,15.2,32.0,2,3,2,2,56.6,1
47.7,44.7,23.2,55.3,1,1,2,2,80.6,2
32.4,60.1,33.1,31.6,1,2,2,2,41.3,1
44.1,42.0,18.2,49.2,1,1,1,1,54.0,1
42.6,31.6,12.0,45.1,3,1,1,2,65.9,2
31.2,62.1,6.8,35.2,2,1,2,3,52.2,1
24.4,76.6,25.2,23.2,2,1,2,1,26.2,0
32.9,59.6,5.6,37.6,2,3,1,2,58.8,1
43.6,26.5,23.9,42.7,1,1,3,2,63.6,2
18.7,19.6,13.3,16.7,2,1,3,2,23.0,0
34.5,31.7,29.9,32.5,2,1,2,2,43.2,1
27.3,22.8,9.1,25.3,1,2,1,2,24.3,0
18.9,21.4,9.4,16.9,1,1,3,3,21.2,0
32.8,92.9,11.2,41.8,2,2,3,2,78.4,2
29.6,56.0,18.4,29.7,1,1,2,2,32.9,0
22.4,27.4,27.7,20.4,2,1,1,2,21.0,0
26.6,44.8,26.5,24.6,2,3,3,1,49.8,1
20.4,44.5,20.6,18.4,1,1,3,3,27.2,0
44.5,16.0,4.3,44.6,2,1,2,1,67.2,2
23.4,61.3,18.1,21.7,2,2,2,2,30.5,0
23.8,21.6,6.6,21.8,1,1,2,3,22.6,0
43.7,39.2,7.1,49.9,1,2,1,2,68.4,2
29.8,72.9,10.1,33.9,2,1,1,1,39.8,1
46.3,82.0,30.8,58.3,3,1,1,2,90.4,3
45.6,78.0,21.9,57.6,1,2,1,1,73.9,2
25.9,89.5,28.0,26.3,3,2,2,3,55.7,1
36.5,73.7,30.0,41.5,1,2,2,3,61.2,2
39.8,47.7,20.2,43.3,2,1,3,2,73.5,2
40.7,56.3,5.7,49.8,3,3,2,2,97.8,3
46.5,42.3,4.8,55.9,2,1,2,2,88.1,3
27.4,18.1,13.9,25.4,1,2,2,3,36.2,1
45.1,51.3,11.8,55.0,3,1,1,1,86.2,3
28.6,87.8,11.0,33.8,2,3,1,2,56.2,1
47.3,63.0,28.1,59.3,2,1,1,3,94.2,3
36.5,61.4,32.4,38.5,2,1,3,2,63.1,2
21.2,33.3,26.7,19.2,3,1,1,2,24.1,0
43.0,16.4,7.5,42.2,2,1,1,1,51.3,1
37.4,18.6,18.1,35.4,3,1,2,1,57.4,1
30.2,41.6,15.4,29.1,1,1,1,2,25.5,0
26.7,19.9,16.5,24.7,3,1,2,3,42.5,1
35.5,56.5,11.0,40.1,1,1,1,2,47.2,1
30.2,23.5,34.6,28.2,3,1,2,2,40.6,1
41.0,32.8,17.9,41.9,2,1,1,2,58.1,1
47.7,18.0,19.4,46.4,1,3,2,2,75.4,2
47.8,37.2,2.8,56.8,3,1,1,3,91.1,3
42.3,41.7,21.5,45.5,2,1,1,2,61.4,2
30.2,71.1,13.3,33.6,3,1,3,2,66.1,2
38.4,80.5,26.0,47.3,1,3,3,2,82.3,3
35.6,29.4,22.7,33.6,3,1,1,1,47.7,1
40.2,53.2,29.4,43.5,1,3,1,2,62.0,2
45.4,36.8,18.3,49.7,2,3,1,2,84.6,3
34.8,42.9,19.4,34.9,3,3,1,2,65.9,2
29.6,51.3,5.1,31.6,2,3,3,2,60.7,1
24.0,24.9,27.2,22.0,3,1,3,2,40.1,1
21.0,84.8,29.2,19.0,2,1,3,1,26.2,0
22.1,17.0,25.0,20.1,2,2,3,2,36.6,1
24.3,62.4,24.9,22.3,2,1,1,3,27.9,0
37.4,43.8,2.2,42.2,3,2,1,2,65.8,2
21.0,58.3,15.0,19.0,3,2,1,2,29.5,0
36.1,83.2,3.8,47.7,1,3,1,1,66.4,2
46.8,80.5,24.0,58.8,2,1,1,1,81.7,3
20.1,61.8,8.4,19.3,1,1,2,2,13.0,0
20.6,33.5,3.5,18.6,2,2,2,1,22.0,0
43.6,68.3,14.4,55.6,2,1,2,3,96.6,3
43.6,53.2,8.5,53.5,3,1,1,2,82.5,3
21.7,69.1,33.1,19.7,2,2,2,2,31.0,0
27.5,48.5,22.0,25.5,1,1,3,2,31.1,0
44.4,16.7,9.0,43.7,1,2,1,2,56.4,1
36.9,93.0,9.4,48.9,1,1,1,1,55.7,1
36.8,63.6,16.0,42.7,1,3,2,1,65.0,2
18.4,34.5,9.4,16.4,2,1,2,2,14.9,0
23.4,42.5,28.0,21.4,2,3,2,2,37.0,1
29.4,63.2,17.2,30.6,1,3,2,3,52.0,1
23.0,29.9,8.1,21.0,2,2,1,2,23.3,0
42.0,74.8,16.2,54.0,2,2,2,3,100.0,3
44.5,21.0,27.8,42.5,1,1,1,2,46.9,1
33.0,21.8,13.0,31.0,2,2,2,2,49.1,1
41.1,87.8,25.1,53.1,1,1,2,2,76.3,2
20.9,27.2,25.5,18.9,1,1,1,1,5.0,0
30.4,85.9,33.9,32.1,1,1,1,2,29.5,0
18.2,64.8,13.4,16.2,2,2,2,2,25.7,0
39.6,92.6,28.3,51.6,1,3,3,3,95.6,3
34.9,66.5,6.8,41.8,2,1,1,1,53.0,1
38.3,94.0,33.8,48.5,2,1,2,1,66.0,2
31.9,49.5,5.4,34.5,1,2,2,1,47.7,1
24.2,78.7,19.9,24.2,1,3,1,3,32.1,0
23.0,35.2,23.0,21.0,1,1,3,3,26.3,0
23.1,23.9,31.3,21.1,2,2,1,1,15.9,0
47.4,76.0,11.6,59.4,1,1,2,1,82.9,3
36.5,82.6,20.2,45.2,1,1,3,1,62.3,2
36.4,49.4,31.3,36.2,2,1,1,2,44.4,1
27.8,41.6,24.6,25.8,1,3,3,1,41.6,1
34.1,35.5,6.3,35.1,2,1,2,1,47.2,1
30.6,94.7,6.4,39.0,1,1,2,2,55.2,1
38.1,69.6,30.9,43.3,2,1,2,3,70.6,2
35.2,93.4,27.3,43.3,1,3,1,2,65.3,2
24.6,48.8,31.7,22.6,2,1,2,2,25.4,0
27.2,34.9,30.3,25.2,1,1,1,3,20.9,0
25.9,52.1,3.0,27.0,2,1,2,2,37.9,1
21.0,73.3,5.1,22.0,2,1,3,3,39.3,1
21.9,22.7,13.8,19.9,1,1,2,3,20.6,0
36.5,93.3,15.7,48.2,2,2,1,3,77.7,2
38.9,70.7,6.4,49.8,2,2,1,2,73.9,2
34.4,93.7,23.4,42.6,2,1,3,2,76.0,2
27.2,94.6,7.8,32.9,1,3,1,2,42.4,1
41.1,22.0,32.2,39.1,2,3,1,2,64.4,2
39.1,59.2,7.8,47.3,1,1,2,2,62.3,2
18.6,34.0,10.4,16.6,3,3,2,2,41.7,1
32.1,81.9,16.2,37.8,2,3,1,3,65.8,2
23.3,94.3,9.3,26.4,3,1,2,2,42.7,1
23.4,41.1,28.2,21.4,2,1,2,2,22.8,0
47.5,22.1,24.5,46.6,2,3,2,2,82.4,3
32.0,92.7,16.6,39.3,1,2,2,1,47.3,1
29.7,59.0,34.3,27.7,3,3,2,3,66.5,2
44.3,67.7,33.8,54.3,1,2,1,2,77.4,2
35.9,45.1,2.3,40.2,2,1,2,2,62.0,2
35.3,56.3,22.4,37.5,1,2,3,2,62.3,2
45.1,74.2,26.7,57.1,2,2,2,2,100.0,3
21.8,23.4,31.9,19.8,1,1,1,2,5.0,0
43.5,31.9,24.3,44.1,2,3,2,3,85.4,3
37.3,90.5,30.4,46.4,2,2,1,2,72.0,2
25.7,33.8,21.0,23.7,1,1,2,3,27.5,0
25.1,62.0,22.3,23.3,3,3,3,2,56.6,1
26.9,37.1,17.3,24.9,3,2,3,2,58.4,1
31.6,61.5,29.3,31.3,2,1,2,3,53.0,1
26.5,33.6,27.4,24.5,3,3,1,2,48.4,1
25.5,61.4,32.3,23.5,1,2,1,2,19.3,0
39.3,60.4,3.8,48.7,3,2,2,2,87.1,3
33.2,32.8,24.2,31.200000000000003,1,2,2,1,36.7,1
32.3,39.8,29.2,30.299999999999997,3,2,2,3,63.2,2
37.6,22.8,24.7,35.6,2,3,1,3,69.7,2
37.1,30.5,23.7,35.1,2,1,2,2,49.6,1
23.9,71.9,12.6,24.5,1,3,2,2,35.0,0
28.2,91.3,13.0,33.2,2,2,1,2,52.0,1
38.5,46.4,8.5,43.2,2,1,2,2,64.0,2
21.6,64.8,7.1,21.7,2,1,1,1,14.3,0
26.8,78.4,12.9,29.4,1,1,1,2,28.4,0
38.8,93.9,3.4,50.8,3,1,2,2,89.4,3
27.3,90.0,28.2,28.6,2,2,2,1,41.2,1
22.8,59.1,10.2,22.2,2,1,2,2,27.1,0
43.3,41.0,16.4,47.9,2,3,1,1,69.5,2
47.4,66.9,23.7,59.4,2,1,1,2,86.9,3
18.1,35.5,14.2,16.1,3,1,1,1,10.8,0
30.2,71.5,16.1,33.2,2,1,2,3,50.7,1
25.0,26.0,15.5,23.0,3,2,2,2,47.1,1
42.7,17.8,19.1,40.7,2,3,2,2,70.4,2
22.3,91.8,31.4,20.3,2,1,2,1,15.2,0
34.9,45.0,13.1,36.6,1,1,2,1,37.0,1
18.7,72.7,33.6,16.7,2,1,1,2,6.3,0
24.3,39.7,3.1,23.7,2,1,1,1,18.7,0
37.5,69.9,26.9,43.1,3,2,2,3,85.1,3
40.2,27.6,32.4,38.2,2,2,1,3,60.8,1
22.8,88.6,3.4,26.2,1,2,3,2,42.6,1
37.6,50.6,11.2,42.2,2,1,1,2,53.4,1
44.7,78.1,31.4,56.7,3,1,1,1,85.8,3
37.8,81.4,26.7,46.1,1,1,3,2,68.8,2
26.7,48.3,15.8,25.2,2,1,2,2,32.6,0
30.3,82.6,15.8,35.0,2,1,2,3,55.5,1
36.8,88.3,35.0,44.0,1,1,2,2,60.2,1
25.5,54.6,31.9,23.5,1,1,3,2,28.6,0
32.0,77.0,3.7,39.3,2,1,2,2,60.5,1
31.6,88.7,20.0,37.3,1,2,2,1,48.1,1
30.0,72.6,25.3,31.2,2,1,2,1,37.4,1
23.9,54.4,23.3,21.9,3,1,1,2,27.7,0
24.0,70.2,33.8,22.0,2,1,2,3,32.1,0
43.1,65.9,6.8,55.1,2,1,1,1,74.9,2
34.7,43.9,34.4,32.7,2,1,3,2,51.5,1
20.5,63.3,34.2,18.5,2,1,1,2,15.0,0
18.0,56.2,25.9,16.0,2,3,1,1,15.9,0
32.4,66.9,25.9,34.1,1,3,1,2,43.2,1
29.2,50.4,14.5,29.1,2,2,1,1,35.4,0
19.6,93.0,5.0,21.6,3,2,1,2,34.6,0
34.7,44.0,26.0,33.6,1,1,1,2,33.5,0
32.2,69.9,32.7,32.9,1,2,1,1,34.4,0
45.0,52.7,31.8,51.4,2,1,2,2,80.0,2
37.6,83.8,13.0,48.9,1,2,1,3,75.8,2
25.6,75.8,13.4,27.2,1,2,2,2,34.2,0
38.1,28.3,11.3,38.1,2,1,2,2,54.6,1
41.6,83.1,5.1,53.6,3,1,2,2,97.8,3
36.4,33.4,16.7,35.8,2,2,2,2,57.0,1
34.0,74.5,31.7,36.9,2,1,2,2,51.5,1
41.0,79.7,17.1,53.0,2,1,1,2,75.5,2
20.4,36.8,22.2,18.4,2,1,3,2,24.7,0
30.0,37.7,3.5,30.6,1,1,1,2,25.3,0
23.5,44.9,10.0,21.8,1,1,2,1,12.6,0
21.5,70.3,3.9,22.7,2,1,2,1,20.9,0
30.7,55.9,20.3,30.9,3,1,1,1,38.7,1
25.3,81.1,15.6,26.9,2,1,3,2,41.8,1
38.8,83.1,2.3,50.8,2,3,1,3,85.6,3
25.9,42.7,33.9,23.9,2,3,1,3,39.3,1
42.7,56.4,31.2,48.4,2,2,3,2,92.2,3
22.2,20.1,27.0,20.2,1,3,1,2,20.6,0
18.1,29.0,10.2,16.1,2,1,2,3,23.7,0
38.5,93.9,31.0,49.5,1,1,2,2,64.3,2
28.3,26.5,29.5,26.3,1,1,3,2,32.9,0
45.6,56.5,22.4,55.6,2,2,2,2,93.1,3
25.7,51.2,11.7,25.0,1,1,1,2,19.8,0
47.9,72.8,21.2,59.9,2,1,3,3,100.0,3
31.0,70.6,13.0,34.9,3,3,2,2,64.4,2
44.9,56.3,2.9,56.9,1,1,3,2,88.1,3
30.7,78.1,13.5,35.4,1,3,3,2,65.6,2
42.1,25.9,6.4,43.9,3,3,1,3,81.0,3
28.1,35.2,3.0,27.9,1,1,1,1,18.6,0
21.9,65.9,11.9,21.3,1,1,2,2,19.9,0
39.5,87.7,4.2,51.5,2,2,1,2,74.1,2
44.2,48.5,30.4,48.9,2,1,2,2,74.7,2
43.4,59.6,18.1,53.2,2,1,1,1,68.6,2
38.9,38.9,22.5,39.4,2,2,1,2,55.3,1
20.4,89.4,7.5,22.0,3,2,1,1,33.4,0
46.1,88.2,19.3,58.1,2,1,1,3,91.9,3
29.7,88.8,22.0,33.6,2,1,2,1,40.1,1
38.8,57.6,11.5,45.7,3,1,1,1,66.6,2
42.4,58.2,30.6,48.5,2,2,2,1,79.6,2
40.4,88.4,8.9,52.4,2,1,2,2,83.3,3
40.5,58.6,6.5,49.8,3,2,2,1,80.6,2
22.3,52.0,14.5,20.3,1,1,1,3,10.9,0
42.9,50.0,4.6,52.1,2,1,2,2,81.7,3
24.7,66.0,13.4,24.9,3,2,3,2,51.1,1
30.8,30.4,23.5,28.8,3,3,2,2,59.7,1
41.0,19.5,12.9,39.5,1,1,2,2,54.7,1
24.6,65.9,29.2,22.6,1,1,3,2,25.7,0
45.3,40.0,7.4,52.6,1,2,3,2,84.4,3
33.6,73.1,25.1,37.2,1,2,2,3,62.2,2
31.7,18.1,5.4,29.7,2,3,2,3,56.0,1
37.1,84.1,15.2,47.6,2,1,1,2,68.8,2
44.2,45.4,2.3,53.5,3,1,2,3,96.8,3
40.4,31.6,25.5,39.3,2,1,2,2,55.7,1
36.1,43.2,17.4,37.2,2,1,2,2,56.5,1
25.9,40.0,29.7,23.9,2,1,1,2,26.8,0
32.6,16.9,20.3,30.6,1,1,1,2,28.6,0
35.3,17.3,5.9,33.4,2,2,1,2,52.9,1
22.3,32.9,13.7,20.3,2,1,3,2,31.8,0
38.2,90.7,14.1,50.2,1,1,3,1,72.0,2
30.1,16.7,23.0,28.1,2,1,2,1,32.2,0
36.2,67.8,14.1,42.8,2,2,3,2,79.9,2
32.8,60.5,22.2,34.4,1,1,3,2,46.2,1
29.6,60.1,22.8,29.4,2,1,1,3,35.5,0
43.2,86.8,20.5,55.2,2,3,2,1,97.2,3
22.3,89.6,33.1,20.3,3,2,2,2,33.9,0
41.2,20.9,23.5,39.2,1,1,2,1,43.5,1
32.7,71.8,12.5,37.9,1,1,2,2,53.0,1
32.2,45.9,22.6,31.1,1,1,2,2,39.5,1
23.7,73.3,24.5,22.0,1,2,1,1,18.0,0
47.8,85.2,11.4,59.8,2,1,1,2,88.6,3
41.8,16.8,10.3,40.3,1,2,3,3,73.7,2
28.9,81.4,7.4,34.1,2,1,2,2,48.1,1
36.2,35.2,6.5,37.9,3,1,1,2,61.3,2
18.2,59.3,21.6,16.2,3,2,1,2,30.5,0
25.9,55.2,14.1,25.2,1,1,2,2,23.4,0
38.8,86.4,16.1,50.8,2,1,1,3,78.0,2
18.8,28.2,4.8,16.8,2,1,1,2,11.7,0
20.8,62.4,12.1,19.5,1,2,3,1,19.8,0
20.1,45.4,15.6,18.1,3,1,1,2,20.3,0
38.3,84.5,3.2,50.3,1,2,1,2,64.9,2
24.2,50.4,7.0,23.8,2,3,2,2,40.7,1
47.8,92.9,25.5,59.8,2,1,2,1,88.1,3
45.1,22.4,5.8,47.1,2,2,1,2,68.2,2
44.0,24.0,25.8,42.2,2,1,3,2,72.4,2
29.0,17.2,18.3,27.0,1,2,2,2,33.6,0
42.8,54.7,13.4,51.6,2,1,3,2,88.2,3
40.7,31.7,15.0,41.8,3,2,3,2,88.5,3
20.3,67.2,30.1,18.3,2,2,1,3,24.8,0
47.1,91.3,27.1,59.1,2,1,2,1,82.1,3
30.0,51.9,2.5,32.8,2,1,3,3,61.1,2
36.1,83.9,6.5,47.3,2,1,2,1,67.2,2
21.2,69.5,19.3,19.2,1,1,2,3,19.0,0
30.6,35.0,9.1,29.9,1,1,2,2,34.2,0
34.0,54.3,11.4,37.3,2,2,2,2,59.7,1
28.1,73.6,29.7,27.5,2,1,3,2,42.6,1
34.3,70.4,24.6,38.0,2,1,1,2,50.2,1
41.1,86.5,33.5,52.8,2,3,3,2,100.0,3
23.0,75.1,16.1,22.8,2,3,2,2,38.1,1
37.0,26.6,9.9,36.6,1,1,1,2,40.4,1
28.9,39.9,15.9,27.0,2,2,2,3,47.0,1
32.7,22.1,3.3,31.7,1,1,1,1,27.1,0
31.3,47.0,6.0,33.2,1,1,2,1,34.7,0
20.4,50.2,20.0,18.4,2,2,2,3,29.8,0
20.2,58.1,5.9,19.6,1,3,3,3,41.6,1
23.0,74.9,2.7,25.4,1,1,2,2,26.7,0
28.5,35.7,26.5,26.5,2,1,2,2,37.8,1
43.4,33.5,16.9,45.8,3,3,1,3,84.5,3
38.3,65.6,12.4,46.4,3,3,1,2,83.8,3
47.8,83.1,5.1,59.8,3,2,1,2,100.0,3
22.5,32.6,19.2,20.5,2,1,1,1,16.5,0
47.0,50.6,30.8,54.7,1,2,1,2,79.9,2
41.6,19.4,21.2,39.6,3,2,1,2,66.1,2
39.5,60.9,15.4,46.9,3,1,2,1,75.6,2
30.4,70.5,10.6,34.4,3,2,1,2,54.6,1
26.2,84.7,33.7,25.1,3,1,2,1,35.5,0
32.6,60.6,25.5,33.4,2,3,1,3,55.8,1
26.6,74.9,16.1,28.1,1,1,1,2,21.9,0
38.9,82.4,25.0,48.9,1,1,2,1,63.0,2
30.4,89.4,31.3,33.1,3,2,1,3,59.2,1
24.1,39.5,21.1,22.1,2,2,1,1,20.9,0
30.3,32.0,9.5,29.0,1,1,2,2,33.0,0
39.6,69.9,24.6,47.4,1,1,1,2,59.1,1
39.4,37.7,23.7,39.6,2,3,2,2,70.4,2
43.7,84.9,27.7,55.7,3,1,1,2,89.8,3
39.2,66.0,31.4,44.4,1,2,2,2,64.3,2
44.6,86.4,8.7,56.6,1,1,2,2,79.9,2
32.8,94.5,6.1,43.1,1,3,2,2,71.2,2
26.2,51.5,25.5,24.2,1,1,2,1,17.2,0
43.1,84.2,33.7,55.1,3,2,2,2,93.6,3
20.2,72.7,2.1,21.5,2,1,3,1,27.5,0
25.6,72.0,4.7,28.5,1,2,2,1,34.3,0
35.3,44.1,12.0,37.3,2,1,3,2,61.2,2
33.5,58.7,23.5,34.9,1,2,1,3,42.2,1
38.1,92.6,20.5,50.1,3,2,2,1,81.9,3
37.0,42.3,7.7,40.2,3,1,2,2,66.0,2
34.6,17.5,34.0,32.6,2,1,2,2,43.5,1
30.4,16.6,19.9,28.4,1,2,1,3,32.3,0
42.9,66.7,13.9,54.9,1,1,2,2,79.2,2
39.5,81.3,8.2,51.5,3,1,3,2,96.2,3
43.3,16.7,3.5,43.4,1,2,1,2,56.7,1
39.4,76.1,26.8,48.1,3,1,1,3,77.6,2
41.8,71.5,20.8,52.8,3,2,1,2,91.8,3
31.1,72.8,19.8,34.1,3,3,1,2,65.2,2
19.8,53.0,11.5,17.8,3,3,1,2,30.4,0
38.3,22.2,21.7,36.3,1,1,3,2,53.0,1
32.3,43.0,30.4,30.299999999999997,3,1,1,1,39.1,1
47.2,46.8,34.7,52.9,1,1,3,2,83.1,3
46.6,35.5,7.7,53.2,3,3,1,1,94.9,3
48.0,51.9,27.6,57.7,1,2,2,2,87.2,3
20.6,56.2,6.8,19.8,1,1,2,2,18.0,0
24.0,75.8,21.0,23.4,3,1,2,3,45.5,1
44.4,47.0,32.5,48.4,2,3,1,2,80.7,2
21.9,57.6,13.7,20.2,2,2,2,2,37.8,1
22.2,77.9,30.2,20.2,1,2,1,2,15.1,0
42.3,72.4,29.2,52.4,2,2,1,2,81.6,3
35.5,26.4,8.9,34.8,3,1,2,1,53.8,1
40.8,69.6,22.9,50.0,2,3,1,2,84.3,3
30.0,76.3,4.7,35.7,1,1,2,3,48.6,1
21.0,56.9,25.5,19.0,2,2,2,1,24.5,0
46.5,60.7,14.7,58.5,1,3,2,2,98.2,3
27.1,81.6,6.8,31.4,1,2,2,2,40.2,1
36.6,27.6,11.5,35.9,1,2,2,2,45.6,1
36.1,56.8,14.0,40.5,1,2,1,3,50.4,1
24.4,79.2,3.3,27.7,2,2,2,3,47.1,1
24.5,31.9,24.9,22.5,1,1,2,2,17.4,0
35.4,68.9,33.8,37.8,2,2,2,2,61.9,2
31.1,85.2,26.3,34.6,2,2,2,2,56.2,1
31.7,94.2,18.3,38.6,2,3,3,2,74.2,2
34.8,43.7,22.3,34.5,3,1,2,1,52.3,1
22.4,52.6,7.6,21.6,1,1,2,2,17.6,0
35.2,93.9,9.5,46.9,2,2,3,2,83.1,3
24.0,60.0,12.6,23.4,2,1,2,2,29.1,0
19.7,54.2,3.0,19.2,1,3,1,1,14.9,0
42.2,52.4,8.7,50.8,2,1,2,1,73.7,2
31.8,72.6,29.3,33.3,1,2,1,2,34.9,0
26.0,32.1,34.3,24.0,2,1,2,2,31.2,0
34.5,49.5,25.8,34.4,2,2,1,3,53.6,1
22.6,39.8,32.5,20.6,2,2,3,2,38.6,1
28.7,44.0,33.0,26.7,1,3,2,2,42.3,1
36.5,16.9,8.5,34.5,1,1,3,2,47.4,1
46.5,23.6,11.4,48.3,2,3,2,2,84.6,3
46.8,81.8,10.4,58.8,2,1,3,2,97.5,3
19.7,76.7,31.4,17.7,2,1,3,1,22.6,0
28.0,49.9,32.3,26.0,1,1,2,3,31.2,0
35.8,88.8,19.8,45.1,1,1,1,2,51.1,1
19.3,80.6,18.8,17.6,2,2,1,2,20.0,0
33.3,60.7,21.5,35.3,2,1,3,3,63.8,2
23.0,89.4,11.8,25.0,3,1,2,2,41.1,1
42.6,69.9,14.8,54.6,3,2,1,2,94.0,3
19.4,41.4,12.2,17.4,2,1,1,2,12.5,0
30.1,50.3,17.2,29.8,2,2,2,3,50.6,1
30.8,29.9,5.8,30.0,1,3,1,2,37.0,1
47.4,59.1,15.5,59.4,2,3,1,2,96.0,3
37.2,18.4,29.3,35.2,1,2,1,2,44.1,1
39.4,67.9,2.0,51.0,3,2,1,1,83.7,3
43.9,28.4,13.2,45.8,3,1,2,1,73.5,2
23.5,38.5,13.7,21.5,2,3,1,2,30.9,0
19.6,74.8,23.6,17.6,1,1,2,2,12.2,0
41.5,44.9,30.9,43.3,1,2,2,2,65.9,2
35.8,81.7,21.0,43.5,2,1,2,2,66.2,2
18.3,39.9,33.3,16.3,2,1,1,3,15.1,0
46.7,59.7,25.6,58.2,2,3,1,2,98.3,3
30.7,27.3,21.5,28.7,1,1,2,2,30.7,0
28.6,91.9,3.4,35.8,3,3,3,1,81.4,3
24.4,84.8,4.4,28.1,3,1,2,2,48.7,1
22.6,50.9,19.8,20.6,1,1,2,3,27.1,0
41.7,74.3,25.8,52.4,2,3,3,2,100.0,3
42.9,90.5,16.2,54.9,2,1,1,2,82.8,3
34.3,86.9,24.0,41.1,1,2,2,2,60.6,1
38.4,82.5,32.6,46.4,1,1,1,3,58.2,1
39.6,25.9,16.2,38.6,1,1,1,2,41.9,1
36.0,59.4,24.7,38.8,2,3,3,3,84.3,3
37.0,60.7,15.4,42.5,2,3,1,2,66.5,2
20.7,26.3,3.6,18.7,1,1,2,2,13.1,0
38.7,59.5,2.4,47.7,1,2,2,1,67.6,2
34.2,21.0,22.2,32.2,3,1,3,2,60.8,1
27.8,37.4,30.9,25.8,1,1,2,3,33.7,0
40.2,81.3,32.1,49.9,1,3,2,2,80.0,2
34.7,69.7,23.0,38.9,3,1,2,2,67.9,2
22.2,93.6,4.6,25.5,1,2,1,2,19.8,0
37.5,87.6,7.9,49.5,3,2,2,2,92.1,3
30.2,46.2,4.8,31.8,2,1,1,2,39.1,1
22.2,93.4,15.2,23.5,2,1,2,3,33.3,0
27.6,87.5,6.4,33.0,2,2,1,3,52.0,1
40.8,46.0,27.4,43.1,2,1,2,2,64.9,2
33.7,36.6,33.1,31.700000000000003,3,2,2,2,55.6,1
21.7,44.6,7.2,20.1,2,1,2,1,20.7,0
19.9,44.1,32.8,17.9,3,1,2,1,23.8,0
24.1,27.1,29.3,22.1,1,1,2,2,20.6,0
33.7,64.5,21.8,36.6,3,1,1,3,63.5,2
18.2,43.8,26.2,16.2,1,1,1,2,5.0,0
33.5,44.7,15.7,34.1,1,3,2,2,53.8,1
39.8,71.9,2.2,51.8,1,1,3,2,81.0,3
25.7,74.5,25.9,24.8,2,1,2,2,32.1,0
45.1,89.1,18.0,57.1,1,2,3,1,91.0,3
43.3,52.2,29.5,48.6,2,2,2,2,81.1,3
21.4,89.4,6.9,23.6,1,1,3,3,33.0,0
45.0,56.4,18.6,55.1,2,3,3,2,100.0,3
47.2,42.5,17.3,54.8,2,2,2,2,94.0,3
28.0,55.3,16.9,27.6,1,3,1,1,30.2,0
33.1,91.0,6.7,42.9,2,3,3,1,82.6,3
27.3,74.8,6.2,31.0,1,1,1,2,25.3,0
23.6,17.0,3.5,21.6,1,1,1,2,11.0,0
23.6,92.0,7.2,27.0,3,1,2,2,43.7,1
21.9,58.7,18.3,19.9,1,2,2,1,16.9,0
38.0,19.4,17.6,36.0,1,2,3,2,55.6,1
23.7,44.7,26.8,21.7,1,1,2,1,15.2,0
43.2,71.9,33.0,53.4,1,3,1,2,84.0,3
20.4,88.8,13.7,20.7,2,3,1,2,33.0,0
39.2,40.0,32.7,38.1,1,2,2,2,55.6,1
28.9,33.2,10.0,27.3,1,2,2,2,31.2,0
43.3,52.4,5.0,53.4,2,2,2,2,88.8,3
32.9,74.1,19.9,37.2,1,2,2,1,50.8,1
33.9,55.5,29.6,33.8,2,1,3,3,60.9,1
29.0,62.3,18.5,29.6,1,1,3,2,38.6,1
21.8,87.2,21.3,21.2,1,3,1,1,19.7,0
27.6,59.5,32.7,25.6,2,1,1,1,26.3,0
27.4,90.3,26.3,29.1,3,1,1,2,37.1,1
32.9,15.5,2.6,30.9,2,1,3,2,51.2,1
30.1,15.3,33.9,28.1,1,2,1,3,34.9,0
47.0,78.0,23.3,59.0,1,2,3,3,100.0,3
33.1,84.2,19.7,39.3,2,2,2,1,59.0,1
36.0,30.8,2.4,37.5,1,2,2,3,62.5,2
30.9,28.3,27.1,28.9,3,1,3,1,49.3,1
24.9,29.5,10.3,22.9,3,1,1,3,37.1,1
26.3,85.3,20.6,27.9,1,2,1,3,32.8,0
47.0,29.5,3.0,52.7,1,1,2,1,69.9,2
40.7,16.5,20.5,38.7,2,1,1,2,49.2,1
30.3,42.0,13.5,29.6,1,3,2,2,44.7,1
29.2,89.6,7.5,35.7,2,1,2,3,58.1,1
23.8,70.1,13.1,24.1,2,1,2,2,35.7,0
32.3,44.3,8.9,33.6,2,1,1,2,42.7,1
35.9,61.8,9.3,42.1,3,2,3,2,85.4,3
42.0,29.3,28.0,40.4,3,1,2,1,65.2,2
21.4,84.3,3.1,23.9,1,1,1,2,11.1,0
47.0,39.6,8.1,55.2,1,3,2,1,93.0,3
36.1,22.0,30.5,34.1,2,1,3,2,59.5,1
42.6,80.9,29.2,54.6,2,1,3,3,96.1,3
20.7,93.5,17.9,20.7,2,3,1,2,27.1,0
35.2,51.9,9.6,39.0,2,3,2,2,71.3,2
23.8,29.5,12.1,21.8,2,1,2,2,27.3,0
35.0,93.5,31.6,42.1,3,2,2,2,77.4,2
45.5,50.5,8.5,56.2,2,1,1,1,74.4,2
28.1,69.2,5.2,31.7,3,2,1,3,56.1,1
18.1,92.3,16.0,17.3,1,2,2,3,16.9,0
38.6,48.6,4.1,44.7,3,2,2,2,84.8,3
47.6,53.3,29.4,57.0,3,2,3,3,100.0,3
45.5,94.4,15.6,57.5,1,1,1,2,71.3,2
37.7,85.8,27.3,46.8,1,1,3,2,71.1,2
28.0,50.6,26.5,26.0,1,1,2,2,25.5,0
28.6,65.3,26.4,27.9,1,1,1,2,23.2,0
19.1,66.1,10.4,17.9,2,1,2,2,23.8,0
38.4,74.8,22.2,46.7,1,1,2,2,63.8,2
18.8,50.3,28.9,16.8,1,3,1,3,17.4,0
34.0,30.9,19.6,32.0,3,2,1,2,51.8,1
25.4,63.1,12.0,25.8,2,1,3,3,47.8,1
24.3,92.4,30.9,23.5,1,1,3,2,29.2,0
42.3,71.5,29.7,52.1,1,1,2,1,67.2,2
34.0,65.5,16.3,38.3,1,1,1,2,42.9,1
30.8,70.3,34.9,30.3,3,1,2,1,46.1,1
22.1,53.9,29.1,20.1,2,1,1,2,21.6,0
41.5,71.7,27.0,51.1,1,3,1,1,72.8,2
19.3,79.3,5.6,20.1,3,1,1,3,32.4,0
25.9,85.5,17.7,27.9,2,1,1,2,32.2,0
25.9,32.2,12.6,23.9,3,1,2,2,36.3,1
35.7,83.4,2.8,47.2,3,1,2,2,80.8,2
40.8,17.3,15.3,38.8,2,1,2,1,53.0,1
20.6,82.7,25.1,18.6,2,1,1,1,11.0,0
20.8,32.5,5.6,18.8,1,1,1,2,5.0,0
33.6,38.8,24.2,31.6,2,3,3,2,61.0,2
18.3,88.3,18.7,16.8,3,1,1,1,15.4,0
42.1,47.4,23.2,46.4,1,1,2,1,60.8,1
24.1,58.0,23.3,22.1,2,2,2,1,29.0,0
18.3,35.3,29.8,16.3,1,1,3,2,15.1,0
44.0,85.2,22.5,56.0,2,2,2,1,93.1,3
44.0,59.3,29.0,52.1,1,2,1,3,77.5,2
30.8,74.5,12.7,35.2,2,3,3,3,81.0,3
44.7,59.1,23.7,54.4,3,3,2,1,100.0,3
19.0,65.1,14.3,17.0,1,2,1,2,9.0,0
36.7,19.3,26.5,34.7,1,3,2,3,56.4,1
36.7,45.5,9.2,40.1,3,3,1,2,70.7,2
43.5,47.0,10.7,51.1,1,1,2,2,73.3,2
42.2,82.3,28.5,54.2,2,1,1,1,74.7,2
44.0,65.2,13.8,56.0,1,3,1,1,81.1,3
46.4,26.2,3.3,50.6,3,3,3,1,100.0,3
45.3,39.1,30.9,47.8,2,1,1,3,73.6,2
33.9,71.7,9.2,40.6,2,1,3,2,66.4,2
44.5,62.0,19.3,55.8,2,1,2,2,86.6,3
21.1,83.6,19.7,20.2,2,3,1,2,31.7,0
22.1,89.5,30.1,20.1,2,3,1,2,30.4,0
32.0,48.5,19.4,31.8,2,2,1,2,42.1,1
19.2,19.3,18.9,17.2,2,2,3,2,32.7,0
33.1,46.0,24.3,32.0,1,3,2,2,47.6,1
26.5,74.2,31.2,24.9,3,2,2,1,41.3,1
26.7,34.0,13.0,24.7,2,3,2,2,46.6,1
41.5,63.1,28.4,48.5,3,1,1,2,77.8,2
39.4,68.1,16.7,48.1,2,1,2,2,71.9,2
32.9,54.5,14.3,35.1,3,1,3,1,61.3,2
43.5,73.9,28.8,55.4,1,2,2,1,83.0,3
19.9,37.8,12.9,17.9,1,3,2,2,22.8,0
44.9,88.8,29.9,56.9,1,1,1,2,72.6,2
41.6,67.7,18.1,51.9,1,1,1,3,74.9,2
30.9,36.1,26.2,28.9,1,1,2,3,34.8,0
47.6,54.3,24.4,58.4,1,1,1,2,76.9,2
36.8,37.1,18.4,36.8,3,3,1,2,67.7,2
28.9,59.5,28.1,27.2,1,2,1,3,36.5,1
46.7,48.9,20.4,55.5,3,1,1,3,91.4,3
37.7,70.9,30.4,43.0,2,2,2,2,70.8,2
47.7,74.5,5.0,59.7,2,2,1,2,94.3,3
32.2,44.6,12.9,32.7,2,1,1,2,36.6,1
24.7,59.5,31.3,22.7,2,2,3,3,44.9,1
38.0,48.6,19.3,40.8,3,3,3,2,87.7,3
20.6,44.5,28.1,18.6,2,2,1,2,19.6,0
24.1,18.5,15.4,22.1,1,2,1,2,18.5,0
35.1,34.4,21.4,33.3,1,1,2,2,41.3,1
34.8,50.8,7.6,38.6,2,3,2,2,67.1,2
46.2,56.6,26.8,55.9,2,1,2,2,87.9,3
26.2,82.5,6.5,30.2,1,1,2,1,27.8,0
30.1,38.4,11.2,29.3,2,1,1,1,32.3,0
31.9,59.7,27.3,31.9,2,2,2,2,51.2,1
37.5,56.5,24.5,40.7,2,1,3,2,71.2,2
35.0,39.9,19.4,34.6,2,1,3,2,51.4,1
35.1,71.3,10.2,42.4,3,1,2,2,67.4,2
22.3,64.2,2.3,23.5,1,1,2,2,25.3,0
42.2,36.5,33.5,41.6,1,1,3,2,56.6,1
46.8,24.7,34.5,44.8,1,1,2,1,53.4,1
47.2,66.6,10.8,59.2,2,1,3,2,98.0,3
24.2,53.9,20.4,22.2,1,3,2,1,23.7,0
27.0,85.7,19.2,29.3,1,2,1,2,31.1,0
27.9,61.7,24.7,26.7,3,1,2,2,41.5,1
41.7,44.7,28.4,44.0,2,2,1,3,67.8,2
28.1,83.0,6.3,33.3,1,2,2,2,45.4,1
24.4,48.1,9.4,23.4,2,1,1,3,31.1,0
28.7,85.6,28.4,30.3,1,1,1,3,29.4,0
31.7,23.0,14.2,29.7,1,1,2,1,27.9,0
47.1,42.8,33.2,51.6,1,1,1,1,61.3,2
34.4,19.0,4.9,32.8,1,1,1,1,31.7,0
34.9,84.4,17.7,43.0,2,2,1,3,67.2,2
19.4,37.3,8.8,17.4,2,1,1,3,13.5,0
42.0,64.2,4.6,54.0,3,1,1,1,82.5,3
31.8,82.1,27.7,35.1,3,2,2,2,65.7,2
36.0,41.7,6.4,38.9,1,1,2,2,54.0,1
24.5,87.3,18.6,25.7,1,1,3,2,31.7,0
32.4,86.7,25.7,37.3,1,1,1,2,42.7,1
22.2,47.1,21.4,20.2,1,3,1,2,25.3,0
26.5,50.8,33.9,24.5,1,1,1,1,10.8,0
23.4,49.0,13.6,21.4,3,1,1,1,26.5,0
30.4,43.5,18.8,29.0,2,1,2,2,41.4,1
22.2,19.3,10.0,20.2,2,1,1,2,19.2,0
27.4,15.6,31.3,25.4,1,2,3,2,35.7,0
30.8,15.2,17.3,28.8,1,1,1,2,25.6,0
20.7,45.6,30.7,18.7,2,3,3,2,41.2,1
24.9,70.7,9.6,26.4,2,1,2,2,32.0,0
39.0,92.5,30.7,50.3,2,1,1,2,70.7,2
21.2,57.2,3.1,21.3,1,1,1,2,12.3,0
41.5,65.2,24.6,49.8,2,2,1,1,75.2,2
45.2,40.8,12.1,51.8,2,2,1,2,81.6,3
23.7,46.3,14.0,21.7,1,3,1,2,22.1,0
29.0,39.2,17.4,27.0,3,1,3,3,59.8,1
21.6,76.7,10.7,22.0,2,1,2,1,22.3,0
47.0,36.6,4.0,55.0,3,1,2,2,94.2,3
34.6,69.4,28.6,37.6,3,3,2,2,72.6,2
43.2,58.1,14.6,53.0,1,1,2,1,70.5,2
36.1,54.5,26.4,37.7,3,2,1,2,63.2,2
28.4,44.0,29.2,26.4,1,1,2,1,22.5,0
39.5,20.9,21.4,37.5,3,1,2,1,54.4,1
39.7,18.5,13.6,37.7,2,2,3,3,70.7,2
42.8,93.3,13.0,54.8,1,3,2,2,94.8,3
44.0,15.5,10.6,42.6,1,1,2,2,50.2,1
30.8,67.2,25.8,31.6,2,2,3,2,57.9,1
42.9,67.6,28.0,52.5,3,1,2,2,83.2,3
44.0,74.2,2.9,56.0,2,3,1,3,97.6,3
26.4,60.7,28.9,24.4,1,1,1,1,11.0,0
22.1,70.2,24.0,20.1,2,1,3,2,29.8,0
42.7,83.1,27.9,54.7,1,2,2,2,81.5,3
33.2,85.5,5.3,42.5,2,1,2,2,65.9,2
18.8,54.3,8.7,17.0,1,2,1,2,8.0,0
38.6,94.2,29.0,50.1,1,1,3,3,84.1,3
25.2,89.2,29.5,24.9,3,2,2,2,46.0,1
41.5,63.8,13.6,51.6,1,1,2,2,75.4,2
30.5,52.8,14.0,31.4,1,1,1,2,26.4,0
25.9,50.9,34.4,23.9,2,2,1,3,38.0,1
46.4,67.4,12.1,58.4,2,1,2,2,91.1,3
40.6,29.2,6.8,42.6,1,1,1,2,51.3,1
35.3,26.9,28.7,33.3,1,1,2,2,37.9,1
23.7,44.6,24.4,21.7,1,1,2,2,19.1,0
29.8,25.6,28.3,27.8,2,1,1,2,32.8,0
27.9,48.9,7.7,28.4,1,2,2,3,41.7,1
21.4,59.7,15.3,19.4,3,2,1,2,32.5,0
31.6,60.6,7.5,35.4,1,2,1,2,40.1,1
46.0,78.5,20.7,58.0,1,2,3,2,96.8,3
40.7,66.9,12.4,51.1,3,2,2,2,94.1,3
27.0,20.9,6.1,25.0,1,1,1,2,16.8,0
33.1,70.7,4.3,40.0,1,1,3,1,55.0,1
36.6,56.2,26.2,38.8,1,2,3,2,62.2,2
28.6,48.4,31.1,26.6,1,1,1,2,23.9,0
47.3,79.5,19.7,59.3,1,1,2,2,83.5,3
45.7,66.5,11.0,57.7,3,1,2,1,96.2,3
40.5,52.9,22.5,45.3,1,3,1,3,73.4,2
18.0,83.1,28.4,16.0,2,3,2,2,31.7,0
24.4,27.4,30.0,22.4,2,1,2,3,31.6,0
24.3,39.5,18.6,22.3,2,1,1,2,22.0,0
29.1,19.3,5.1,27.1,3,1,3,3,54.7,1
22.8,30.0,29.5,20.8,1,1,2,1,17.5,0
42.9,42.3,10.3,48.8,1,2,1,2,63.1,2
35.1,15.3,29.6,33.1,1,1,2,2,35.0,0
45.5,79.1,32.6,57.5,3,1,2,2,100.0,3
19.5,19.1,28.1,17.5,3,2,3,1,31.3,0
21.3,30.2,6.4,19.3,1,2,1,1,6.3,0
45.4,28.2,22.9,46.0,2,1,1,1,56.3,1
37.9,21.9,26.2,35.9,3,1,1,2,51.5,1
31.0,43.8,28.5,29.0,1,1,3,3,48.7,1
38.9,85.3,20.2,50.5,2,2,2,2,86.7,3
34.5,60.3,25.2,36.4,1,3,2,1,54.1,1
37.3,23.2,11.3,36.0,2,3,1,1,47.8,1
21.3,15.5,4.8,19.3,3,3,2,2,40.9,1
21.6,83.4,15.6,21.6,1,3,3,3,41.7,1
18.9,51.0,31.4,16.9,1,2,2,2,14.8,0
33.1,91.8,14.9,41.5,1,1,1,2,50.5,1
31.9,90.2,21.8,37.7,1,1,3,2,53.6,1
30.5,91.5,24.9,34.8,2,3,3,1,63.5,2
22.5,24.1,23.6,20.5,3,1,1,2,26.3,0
30.1,85.2,27.3,32.7,3,1,1,2,48.3,1
39.5,16.0,6.1,38.1,3,3,3,2,85.8,3
20.5,34.4,27.8,18.5,1,1,1,3,9.9,0
40.7,35.3,10.0,43.6,2,2,3,2,83.3,3
36.6,73.5,23.5,42.9,2,2,2,2,71.6,2
37.2,87.8,16.1,48.4,1,1,1,2,63.3,2
32.6,25.7,3.3,32.1,2,1,1,2,34.9,0
18.6,81.6,25.1,16.6,3,1,1,2,20.1,0
39.4,54.4,32.3,41.9,1,1,3,2,58.2,1
23.5,42.7,31.2,21.5,2,3,3,2,45.7,1
47.9,49.8,25.9,57.0,2,2,2,2,97.7,3
23.6,59.4,5.4,24.2,2,2,2,1,31.0,0
38.1,28.3,29.5,36.1,2,1,1,3,51.7,1
40.1,18.2,8.0,39.0,3,1,3,2,73.2,2
36.1,61.3,4.3,43.3,1,1,2,1,55.6,1
20.4,30.3,10.2,18.4,2,2,1,3,33.1,0
18.1,53.4,2.2,17.3,2,3,3,2,36.9,1
37.8,63.8,28.1,42.1,1,2,2,2,60.6,1
41.1,34.0,32.8,39.5,3,3,1,2,69.2,2
42.7,59.2,26.4,50.1,1,1,3,2,75.9,2
43.4,30.1,3.1,47.5,1,1,1,2,59.5,1
24.2,70.1,5.6,26.1,2,3,1,2,37.3,1
38.2,93.2,28.6,49.2,2,1,1,2,69.2,2
46.3,41.8,3.0,55.8,1,1,3,3,93.3,3
30.6,71.2,29.8,31.1,2,1,3,1,47.1,1
39.3,85.7,29.3,49.6,1,2,2,1,70.7,2
41.8,57.1,22.5,48.6,2,2,1,3,79.5,2
38.2,74.3,30.1,44.7,1,1,3,1,64.3,2
46.4,48.8,27.0,53.7,2,3,1,2,92.8,3
43.2,31.5,34.7,41.5,1,1,2,2,55.1,1
31.0,76.3,27.8,32.9,2,1,3,1,48.7,1
42.4,57.6,18.8,50.6,1,2,1,3,73.9,2
45.5,25.3,18.5,46.1,1,2,1,1,52.9,1
19.4,56.4,34.1,17.4,1,2,2,2,17.4,0
40.8,37.5,22.0,42.0,2,3,1,2,66.6,2
46.9,37.4,23.3,51.3,2,1,2,2,80.5,2
28.8,84.7,28.6,30.3,1,1,1,2,27.7,0
21.3,24.8,13.1,19.3,1,2,2,1,14.6,0
48.0,69.8,6.2,60.0,1,3,2,3,100.0,3
38.8,25.4,4.8,39.6,1,2,2,3,58.5,1
46.2,59.3,25.6,57.1,3,3,2,2,100.0,3
31.1,44.7,4.1,32.9,2,1,1,2,39.0,1
47.1,32.9,17.1,51.3,2,1,1,2,72.3,2
19.2,43.9,21.4,17.2,1,2,2,2,18.3,0
41.7,81.3,9.4,53.7,1,2,2,2,79.1,2
47.2,67.6,27.7,59.2,2,1,2,2,92.5,3
27.6,41.5,8.4,27.0,2,2,2,2,44.6,1
37.9,72.6,3.1,49.0,3,3,2,2,93.4,3
38.2,40.3,3.0,42.5,2,2,3,3,80.7,2
18.3,93.2,26.4,16.3,3,1,1,2,17.1,0
38.6,42.7,24.5,39.4,1,1,1,2,42.2,1
26.5,75.7,3.2,30.5,2,3,2,2,50.8,1
33.1,57.1,34.1,32.0,2,3,2,3,63.3,2
22.1,92.9,5.5,25.2,3,2,2,1,39.1,1
18.6,75.5,12.2,17.6,2,1,1,1,5.0,0
30.1,70.0,14.1,33.2,2,2,3,2,60.9,1
38.8,39.9,16.1,40.7,2,2,1,2,59.7,1
46.8,25.1,11.6,49.2,3,3,1,2,86.5,3
21.4,16.3,5.9,19.4,2,2,1,1,15.7,0
31.9,18.8,11.4,29.9,1,2,1,2,31.6,0
30.7,57.4,34.7,28.7,3,2,1,3,53.5,1
38.4,75.4,23.1,46.7,1,2,1,3,68.5,2
35.8,74.3,32.8,39.8,2,1,3,1,58.7,1
32.0,37.6,19.4,30.1,1,3,1,1,27.6,0
25.4,34.8,28.9,23.4,3,2,3,1,48.8,1
41.6,28.3,14.1,42.3,1,3,1,2,61.0,2
26.1,73.3,7.1,28.9,3,3,2,1,58.8,1
42.4,92.4,24.7,54.4,1,1,1,2,71.2,2
42.6,35.6,23.0,44.0,1,3,3,2,78.9,2
18.8,15.9,5.4,16.8,2,2,1,2,16.0,0
20.3,69.0,10.7,19.6,2,1,3,2,30.9,0
46.4,74.9,14.1,58.4,1,1,1,2,81.2,3
21.3,69.8,24.0,19.3,2,2,1,2,24.6,0
30.4,71.1,19.6,32.7,3,1,1,2,49.6,1
47.1,47.1,6.2,58.4,2,1,2,2,92.7,3
36.4,80.4,23.7,43.8,3,1,1,1,59.3,1
42.8,55.9,24.9,49.7,3,2,2,3,94.9,3
23.1,56.4,13.1,21.8,3,1,1,2,27.3,0
38.6,86.3,29.1,48.4,3,1,2,3,86.8,3
45.4,43.7,11.3,53.2,2,1,2,2,86.1,3
25.9,62.0,3.1,28.1,2,3,1,1,36.4,1
35.0,84.9,32.5,40.4,1,2,1,2,47.0,1
42.1,54.7,21.6,48.7,2,3,2,3,93.5,3
44.0,67.3,14.5,56.0,2,1,1,3,87.8,3
28.8,79.8,13.7,32.5,1,1,1,2,31.3,0
35.2,94.3,30.2,43.0,3,1,2,2,76.2,2
29.9,25.9,24.1,27.9,3,1,2,2,46.4,1
38.6,76.9,9.2,50.1,1,2,1,2,67.6,2
25.4,65.8,18.8,24.8,2,3,3,2,48.1,1
35.2,27.4,32.5,33.2,2,2,2,3,54.7,1
28.1,78.9,21.9,29.7,2,1,2,3,44.3,1
40.0,85.1,7.7,52.0,2,2,2,3,90.1,3
42.0,50.2,5.5,50.5,1,3,3,2,85.0,3
18.7,32.1,33.8,16.7,1,2,1,2,5.0,0
26.1,17.4,24.0,24.1,3,1,3,2,47.3,1
29.0,21.5,20.2,27.0,1,1,1,1,17.5,0
44.1,25.5,25.7,42.8,1,1,2,2,56.7,1
28.2,43.5,28.2,26.2,3,3,3,2,64.1,2
32.4,36.8,8.8,32.6,1,2,1,2,36.2,1
42.6,94.6,17.1,54.6,2,1,2,3,87.5,3
35.4,21.4,33.6,33.4,1,1,1,2,30.0,0
40.7,20.4,8.4,40.2,2,1,3,2,70.1,2
41.6,92.7,32.6,53.6,1,3,1,3,85.2,3
32.3,23.9,2.9,31.5,1,2,2,1,36.7,1
42.3,94.1,3.7,54.3,2,3,2,3,100.0,3
45.1,23.4,6.3,47.3,2,1,3,3,84.6,3
19.6,93.3,7.3,21.2,2,2,3,2,35.7,0
42.9,70.7,19.3,54.9,2,2,1,1,80.8,2
37.7,53.2,30.8,39.1,3,1,2,2,66.5,2
26.4,29.4,21.7,24.4,2,1,2,1,26.6,0
27.8,64.7,27.7,26.4,2,2,3,1,44.1,1
28.8,78.2,3.0,34.4,1,1,3,2,51.0,1
18.1,63.4,33.0,16.1,2,1,3,2,24.5,0
21.7,32.7,2.8,19.9,2,2,2,2,25.1,0
27.7,69.6,13.2,29.6,3,2,2,1,49.5,1
28.1,38.7,29.4,26.1,2,3,1,2,39.0,1
23.3,49.3,13.2,21.4,2,1,2,1,19.9,0
27.3,92.4,9.5,32.5,2,2,1,1,42.0,1
30.0,23.5,30.9,28.0,1,1,1,3,27.5,0
43.7,87.3,5.5,55.7,2,3,2,3,98.6,3
31.2,86.6,20.5,36.2,3,1,2,3,67.8,2
46.1,86.9,33.2,58.1,2,1,2,3,99.3,3
42.3,49.9,23.2,47.4,3,1,1,2,75.2,2
25.1,61.3,19.8,23.7,3,1,2,1,35.0,0
44.4,23.8,26.4,42.5,1,2,2,1,59.9,1
44.8,93.6,34.6,56.8,2,1,2,2,86.5,3
29.7,20.5,18.8,27.7,2,1,2,3,42.8,1
45.0,87.2,6.6,57.0,1,3,2,3,96.2,3
22.8,91.2,33.8,20.8,2,1,1,3,17.7,0
47.7,94.1,7.1,59.7,1,1,2,2,83.8,3
41.6,24.2,9.7,42.1,2,1,2,2,63.3,2
18.2,58.2,25.9,16.2,1,3,3,3,33.6,0
19.4,91.3,3.0,21.6,3,1,3,3,50.0,1
42.7,47.5,23.6,47.4,1,2,2,3,75.4,2
36.1,83.7,30.6,42.6,3,3,1,2,82.5,3
19.3,18.5,18.5,17.3,3,1,1,2,20.2,0
19.5,37.2,21.5,17.5,2,2,3,3,36.6,1
26.5,46.0,16.4,24.6,2,2,3,2,41.0,1
31.1,85.0,31.9,33.5,3,2,2,3,66.8,2
40.2,35.4,14.4,42.1,2,1,2,2,60.5,1
20.0,28.6,18.7,18.0,3,2,1,2,26.3,0
36.1,55.0,7.7,41.4,1,1,2,1,50.0,1
24.6,84.6,29.5,23.5,2,3,3,1,45.3,1
34.9,16.9,17.2,32.9,3,1,3,2,65.8,2
46.4,35.7,27.8,49.1,2,3,2,2,88.1,3
42.8,36.3,26.2,43.9,2,2,1,2,62.7,2
24.9,21.8,5.3,22.9,2,2,1,2,29.5,0
32.7,78.0,24.0,36.7,2,3,3,3,77.2,2
43.8,53.5,15.0,52.7,2,1,2,2,80.0,2
28.3,66.3,21.3,28.5,1,3,3,1,43.6,1
36.7,56.6,19.5,40.4,2,2,3,2,74.9,2
27.0,37.1,7.5,25.9,2,2,2,2,37.3,1
35.8,57.9,27.9,37.6,1,2,2,2,55.0,1
19.9,79.0,6.6,20.7,2,3,1,1,27.5,0
25.7,19.4,4.9,23.7,2,3,3,2,53.5,1
42.6,86.7,5.6,54.6,1,3,1,1,76.1,2
27.7,56.8,12.6,28.2,1,1,1,2,25.7,0
28.3,37.1,15.6,26.3,2,1,2,3,40.2,1
31.6,60.7,20.0,33.0,2,1,3,2,54.9,1
27.8,92.5,33.5,28.7,3,1,3,2,55.6,1
39.4,61.0,25.4,44.8,2,1,1,2,65.8,2
34.0,26.3,33.2,32.0,1,1,1,2,29.1,0
42.7,73.8,6.3,54.7,3,3,1,2,98.5,3
39.1,28.4,8.5,40.0,3,2,2,1,66.3,2
21.5,92.3,17.1,22.0,2,2,3,3,44.8,1
19.5,80.0,2.1,21.1,2,3,3,3,48.9,1
41.6,64.6,30.3,48.8,2,3,3,1,88.9,3
46.7,51.3,5.3,58.7,1,2,3,2,95.1,3
45.0,73.5,14.6,57.0,3,3,2,2,100.0,3
23.5,17.9,14.9,21.5,2,1,2,2,28.6,0
33.7,38.0,26.1,31.700000000000003,1,1,2,1,31.4,0
26.3,33.8,23.2,24.3,1,3,2,2,34.6,0
44.8,19.9,31.2,42.8,2,1,3,1,70.3,2
26.4,16.2,33.5,24.4,2,2,1,1,28.6,0
46.2,60.2,28.1,56.9,1,1,1,3,81.1,3
24.1,16.9,22.5,22.1,2,1,2,2,25.6,0
46.2,25.3,30.7,44.7,2,2,2,2,77.4,2
25.7,46.8,16.4,23.7,2,1,1,2,22.1,0
32.0,22.8,32.0,30.0,2,1,3,2,48.2,1
24.5,76.8,26.6,23.1,1,1,2,1,16.8,0
19.8,66.3,8.9,19.1,1,3,2,2,26.7,0
31.1,52.8,30.2,29.1,2,2,3,2,56.5,1
32.2,32.2,31.2,30.200000000000003,2,3,2,2,51.1,1
19.3,51.0,5.7,18.0,2,1,2,2,16.0,0
27.5,68.4,4.9,30.8,1,1,2,1,28.2,0
46.2,30.0,7.9,50.7,3,2,3,2,99.4,3
18.1,37.1,10.3,16.1,1,3,1,2,14.5,0
24.3,27.8,27.7,22.3,3,1,1,1,21.2,0
39.2,65.5,17.3,47.0,1,3,3,2,76.7,2
33.0,40.5,17.2,32.4,1,2,3,3,57.9,1
32.5,19.5,32.2,30.5,1,2,1,1,27.5,0
35.6,87.0,24.0,43.6,1,3,1,2,57.5,1
46.0,85.8,11.4,58.0,1,1,2,2,86.9,3
27.3,52.0,2.9,28.9,1,3,2,2,42.5,1
28.6,78.1,27.1,29.4,2,3,1,3,46.0,1
20.0,38.7,15.6,18.0,1,1,1,2,9.1,0
42.5,56.2,5.6,53.0,2,3,1,2,87.3,3
28.8,80.4,13.9,32.6,2,1,2,1,46.4,1
45.6,33.3,9.2,50.6,2,1,2,2,76.2,2
26.2,35.5,6.6,24.9,1,1,3,1,28.1,0
28.6,88.4,22.9,31.5,3,1,2,2,53.4,1
29.9,18.6,4.3,27.9,1,1,1,1,18.3,0
20.3,78.2,7.1,21.1,2,1,1,2,17.9,0
28.9,75.6,12.3,32.4,3,1,1,2,46.2,1
47.7,68.4,32.9,59.7,2,3,2,1,100.0,3
42.2,69.1,24.0,52.3,3,1,1,2,81.1,3
48.0,38.5,18.5,54.5,2,2,1,3,89.3,3
33.2,39.9,15.2,32.9,3,1,1,2,44.4,1
18.1,92.4,22.9,16.1,1,1,1,2,5.0,0
28.7,73.3,19.5,30.4,1,1,2,2,30.3,0
29.3,60.2,30.1,27.5,1,3,1,2,32.2,0
42.4,54.0,22.9,48.8,1,3,2,2,78.6,2
32.2,19.4,24.5,30.200000000000003,2,1,2,2,38.1,1
37.1,85.0,34.3,44.1,2,1,1,3,63.8,2
29.6,58.7,34.4,27.6,3,1,2,2,49.1,1
40.7,74.7,24.9,50.7,3,3,2,1,97.2,3
47.5,86.2,26.9,59.5,2,2,2,3,100.0,3
28.8,56.6,16.1,29.0,2,1,1,2,32.1,0
47.3,33.2,23.6,50.5,3,2,2,1,92.3,3
35.4,30.2,17.5,33.7,2,3,2,2,62.1,2
36.1,77.8,22.8,42.9,2,3,1,2,76.0,2
22.7,89.4,2.9,26.3,1,1,2,1,23.4,0
35.4,44.1,9.1,38.0,3,1,3,2,71.1,2
38.6,69.3,11.6,47.9,1,2,1,2,65.3,2
35.8,49.1,8.2,39.7,3,1,1,1,56.2,1
43.4,34.6,23.9,44.8,2,2,1,2,67.1,2
18.2,23.4,21.2,16.2,3,2,3,2,37.5,1
28.3,91.8,9.0,34.2,2,3,3,2,68.1,2
43.9,87.8,17.9,55.9,1,1,1,2,75.0,2
31.1,24.2,17.4,29.1,2,3,2,2,52.9,1
47.0,87.5,29.8,59.0,1,2,2,2,92.8,3
33.6,83.9,20.0,40.1,2,1,2,2,60.5,1
21.4,68.3,2.4,22.7,1,2,2,1,23.0,0
38.9,58.7,6.6,47.0,2,1,2,2,69.9,2
19.3,28.1,9.3,17.3,1,1,1,2,6.5,0
33.9,87.4,9.1,43.3,3,1,1,2,68.9,2
21.3,79.3,34.6,19.3,2,3,2,2,35.7,0
46.6,15.6,12.6,45.5,1,2,3,2,72.8,2
18.5,28.7,22.3,16.5,1,1,3,3,22.1,0
24.3,83.6,11.3,26.5,2,1,1,2,28.1,0
37.9,17.2,12.6,35.9,1,2,2,1,46.2,1
26.7,89.3,16.7,29.7,1,1,1,2,22.0,0
34.8,73.1,34.9,37.4,2,1,2,3,60.1,1
28.2,55.8,12.6,28.8,2,1,2,1,36.2,1
47.5,34.4,25.9,50.8,2,2,1,2,81.1,3
45.2,25.4,13.9,46.6,1,1,3,2,69.0,2
29.5,17.5,31.2,27.5,2,1,1,1,25.8,0
27.4,20.3,17.5,25.4,2,1,3,3,44.8,1
38.0,36.7,13.6,39.3,3,1,2,2,63.6,2
30.2,30.6,23.7,28.2,1,3,2,3,43.9,1
18.8,65.8,19.9,16.8,1,1,3,2,18.0,0
35.3,88.1,5.3,46.8,2,3,3,2,87.1,3
30.1,50.1,31.8,28.1,2,1,1,2,33.6,0
18.9,53.7,20.8,16.9,2,1,1,1,10.1,0
32.0,78.9,6.3,39.1,1,1,1,2,40.0,1
28.5,33.4,16.9,26.5,3,1,2,2,43.8,1
36.5,43.3,21.4,37.0,2,2,2,2,61.5,2
41.5,43.9,18.6,45.4,1,1,1,2,56.0,1
39.7,71.0,31.4,46.5,2,1,3,1,72.8,2
42.5,34.4,18.6,44.4,2,1,2,2,67.7,2
26.6,25.8,17.0,24.6,2,1,2,2,29.8,0
38.3,25.5,9.9,38.0,1,2,2,2,57.4,1
32.2,41.7,34.4,30.200000000000003,1,1,1,1,27.7,0
29.7,27.6,30.1,27.7,2,1,1,1,25.1,0
20.8,46.9,8.5,18.9,3,3,1,3,44.7,1
24.4,28.7,30.7,22.4,2,1,1,2,22.9,0
28.9,78.9,5.9,34.1,3,2,1,2,56.4,1
26.7,26.8,4.6,24.9,2,1,2,2,29.8,0
26.7,76.2,4.7,30.6,2,2,1,2,40.5,1
27.0,34.0,5.6,25.9,1,1,1,3,20.7,0
37.3,28.9,10.3,37.4,1,1,2,2,49.2,1
31.3,35.3,26.0,29.3,1,2,2,2,34.1,0
35.1,24.5,9.9,33.7,1,1,3,2,47.4,1
47.4,67.1,28.3,59.4,1,1,3,1,87.8,3
28.2,52.2,31.3,26.2,1,1,1,1,13.1,0
39.7,22.3,10.3,39.0,3,3,1,2,67.8,2
29.5,28.4,8.8,27.6,1,3,1,2,30.7,0
30.5,49.1,26.3,28.5,2,1,1,3,34.8,0
40.5,88.1,22.0,52.5,3,1,3,1,90.6,3
45.4,62.8,25.1,56.7,1,1,2,3,86.6,3
35.4,23.2,31.7,33.4,1,1,3,1,42.8,1
19.3,87.8,27.1,17.3,1,3,1,3,18.9,0
47.9,83.8,33.7,59.9,2,1,1,2,86.6,3
44.7,36.1,25.2,47.0,2,1,1,2,63.3,2
36.1,65.9,33.8,38.5,2,1,1,1,46.4,1
20.0,21.8,29.7,18.0,1,1,2,2,10.1,0
43.3,88.4,4.2,55.3,3,2,1,2,94.3,3
43.3,74.2,25.4,55.3,2,1,1,2,75.2,2
44.9,71.2,22.1,56.9,1,1,1,2,77.1,2
35.2,67.8,21.8,39.6,2,3,1,2,60.0,1
21.0,44.5,9.2,19.0,1,2,1,1,8.6,0
26.4,82.8,20.8,27.7,3,1,3,2,54.6,1
41.0,65.6,22.4,49.4,3,1,1,2,75.3,2
24.3,39.6,17.4,22.3,3,1,2,3,41.1,1
20.7,38.3,14.9,18.7,2,1,3,2,27.2,0
21.1,16.9,27.9,19.1,3,1,1,2,26.4,0
25.0,47.4,9.9,24.0,1,1,1,2,15.4,0
40.9,90.6,12.9,52.9,3,2,2,2,94.0,3
31.8,32.9,30.9,29.8,1,3,2,2,48.5,1
45.6,27.4,4.5,49.6,1,1,3,2,75.2,2
35.8,66.2,4.7,43.7,2,1,1,1,56.9,1
32.4,75.1,32.0,34.2,2,2,2,3,59.5,1
41.6,46.8,10.4,47.9,3,3,2,1,90.1,3
19.8,32.9,19.1,17.8,1,1,1,2,7.4,0
20.5,25.3,6.7,18.5,2,1,3,2,29.6,0
38.8,42.3,25.3,39.5,1,3,3,2,69.7,2
26.5,20.6,6.3,24.5,2,1,1,2,26.2,0
22.2,46.8,10.1,20.4,1,1,1,2,7.7,0
22.3,29.4,14.6,20.3,1,2,3,2,28.9,0
38.7,18.3,5.4,37.8,3,1,1,3,55.8,1
24.1,81.3,28.5,22.6,1,2,1,2,24.5,0
33.9,39.1,15.8,33.6,3,1,2,2,52.3,1
20.6,52.7,20.3,18.6,1,1,3,1,11.0,0
25.2,48.2,25.9,23.2,2,1,3,2,31.7,0
28.3,91.3,14.5,33.0,1,1,2,1,35.4,0
25.5,92.0,5.7,30.3,1,3,1,2,39.1,1
45.1,26.2,22.6,45.0,2,1,1,1,55.4,1
36.5,75.1,8.3,46.0,1,2,3,2,72.3,2
27.3,67.4,12.4,28.9,2,1,1,2,26.2,0
18.5,26.1,28.3,16.5,1,1,2,2,13.4,0
26.9,80.2,17.8,28.8,1,3,3,2,50.4,1
26.6,93.7,26.2,28.2,1,1,2,3,33.7,0
23.2,37.5,16.4,21.2,1,1,1,1,5.0,0
19.0,33.3,28.3,17.0,3,2,1,2,27.0,0
23.4,36.2,34.6,21.4,2,3,2,3,44.7,1
39.5,91.3,11.9,51.5,2,3,1,2,84.6,3
39.2,61.7,12.3,47.1,3,2,1,2,78.7,2
25.5,40.7,9.9,23.9,2,1,1,2,23.1,0
44.3,83.3,19.4,56.3,2,1,1,3,88.3,3
41.6,55.2,17.5,48.8,2,2,2,1,75.5,2
46.2,74.9,22.3,58.2,2,1,1,2,83.1,3
28.3,18.6,6.2,26.3,2,1,2,2,37.5,1
39.3,81.3,18.3,50.7,1,3,1,2,77.2,2
30.4,32.7,11.8,28.8,2,2,1,2,42.9,1
28.5,40.9,7.9,28.2,1,2,2,2,39.1,1
38.0,31.1,6.1,39.6,2,1,2,2,64.4,2
38.4,48.8,31.2,39.2,2,2,1,2,54.1,1
21.3,41.0,29.6,19.3,2,1,2,2,20.5,0
19.3,34.2,32.8,17.3,1,1,2,2,9.7,0
44.5,40.1,25.0,47.9,1,3,1,2,69.4,2
22.0,87.5,32.7,20.0,2,1,2,1,19.4,0
21.9,90.9,23.2,21.3,2,2,3,3,40.0,1
44.3,61.4,20.3,55.0,2,2,3,2,98.1,3
47.7,74.2,4.8,59.7,2,1,1,2,91.8,3
29.7,85.0,34.6,30.6,1,1,2,1,30.9,0
25.5,33.8,33.1,23.5,1,1,2,2,24.8,0
24.1,23.6,22.0,22.1,2,2,2,2,33.6,0
38.5,16.4,19.3,36.5,2,1,1,2,47.3,1
30.4,42.9,17.5,29.1,2,1,2,2,41.3,1
39.9,28.3,22.1,38.4,1,1,2,3,55.8,1
24.5,74.6,17.5,24.6,1,2,1,2,19.5,0
39.3,39.4,24.9,39.7,1,2,1,2,50.4,1
30.4,24.3,19.0,28.4,2,1,1,3,39.0,1
18.1,82.4,30.3,16.1,2,2,1,2,14.4,0
20.0,41.8,32.3,18.0,3,3,2,1,35.7,0
45.9,55.2,4.6,57.9,2,2,3,2,100.0,3
24.9,67.1,33.0,22.9,1,1,1,2,15.4,0
30.4,82.9,21.2,34.1,1,1,1,2,30.9,0
38.0,63.1,34.6,41.0,1,1,1,2,43.8,1
38.7,68.3,5.6,49.1,1,2,2,1,66.7,2
27.9,51.1,5.2,29.2,2,1,3,2,41.4,1
25.5,44.5,18.5,23.5,2,1,1,2,23.2,0
26.5,83.3,11.6,29.7,2,1,1,2,31.8,0
36.0,55.4,18.8,39.2,3,3,3,1,82.6,3
31.3,48.1,21.0,30.4,1,2,2,2,42.6,1
30.4,42.7,18.8,28.8,3,3,2,3,60.8,1
37.7,67.5,25.4,43.2,2,3,3,3,92.5,3
34.9,60.0,10.7,39.8,2,1,3,3,71.1,2
32.4,79.7,15.5,38.1,1,2,1,2,45.0,1
43.3,42.5,13.2,49.0,2,3,3,2,93.9,3
29.0,42.7,15.2,27.7,2,1,3,2,43.9,1
37.5,74.3,27.2,44.0,3,2,2,2,82.0,3
41.4,22.0,23.0,39.4,1,1,2,2,50.6,1
24.9,17.7,19.5,22.9,2,3,2,1,39.3,1
45.1,89.1,25.5,57.1,2,2,3,1,100.0,3
40.8,61.2,16.1,49.1,3,1,1,1,75.6,2
24.7,76.9,18.6,25.0,3,1,2,1,36.0,1
37.2,61.3,25.0,41.1,1,2,1,3,60.1,1
35.7,54.1,3.1,41.5,1,3,1,2,55.2,1
29.8,73.1,2.2,35.5,3,3,1,2,61.6,2
40.4,34.3,23.8,40.3,2,2,2,2,65.2,2
19.7,27.9,9.0,17.7,1,3,3,2,31.4,0
26.2,54.6,18.8,24.7,1,1,1,1,11.2,0
18.4,22.2,11.7,16.4,1,1,2,2,9.7,0
45.5,68.7,33.9,57.1,3,1,2,3,100.0,3
25.7,50.3,27.0,23.7,1,1,2,2,19.6,0
42.6,65.9,3.1,54.6,2,1,1,2,80.8,2
46.4,45.2,4.2,56.9,1,1,3,2,91.6,3
37.1,67.4,25.4,42.1,1,1,1,3,56.0,1
37.7,30.7,13.7,37.6,1,2,2,1,47.5,1
23.4,60.2,22.5,21.4,2,2,2,2,31.7,0
41.1,34.8,19.9,42.2,2,1,2,3,72.0,2
42.9,82.3,19.3,54.9,3,3,3,3,100.0,3
41.4,81.5,2.6,53.4,1,2,3,2,86.7,3
38.1,67.2,2.7,48.3,1,1,1,2,59.1,1
35.1,31.4,22.6,33.1,2,1,1,2,38.0,1
44.3,52.8,13.5,53.7,1,1,1,2,71.3,2
42.7,23.4,28.8,40.7,2,1,2,2,62.5,2
35.8,94.0,27.8,44.6,3,2,2,2,79.4,2
44.2,19.7,7.2,44.8,3,3,1,2,84.1,3
40.6,29.9,24.4,39.3,1,1,1,2,44.0,1
32.5,62.6,23.2,34.1,1,2,2,1,40.1,1
32.0,30.1,15.4,30.0,2,1,3,2,52.3,1
20.8,74.6,12.4,20.4,2,2,1,2,25.4,0
42.3,80.9,19.6,54.3,3,1,2,2,93.0,3
46.4,60.9,3.6,58.4,1,2,3,2,98.7,3
40.1,53.1,10.2,47.1,1,3,1,2,70.1,2
26.6,48.6,34.8,24.6,2,1,2,3,37.2,1
36.3,31.2,26.3,34.3,3,3,1,2,62.3,2
39.1,29.2,18.0,38.3,2,1,1,2,49.4,1
29.3,70.1,30.2,28.8,2,2,1,2,33.1,0
44.6,26.1,27.4,43.3,2,1,1,3,62.1,2
33.9,91.2,6.4,44.5,1,2,3,2,75.1,2
23.0,36.5,24.3,21.0,3,1,1,1,17.7,0
41.2,72.2,24.7,51.0,3,1,3,3,98.8,3
25.5,48.4,28.6,23.5,3,3,2,1,44.0,1
47.8,52.6,27.0,57.6,2,2,2,1,90.2,3
47.7,30.1,6.1,53.4,2,1,2,2,84.3,3
23.3,92.0,9.4,26.1,2,2,3,2,43.7,1
43.7,29.8,9.9,46.5,2,3,1,2,75.9,2
19.9,58.1,7.4,18.9,2,2,3,2,37.0,1
25.8,15.3,31.4,23.8,1,1,1,3,17.8,0
23.7,68.4,30.7,21.7,1,3,2,2,30.6,0
46.5,43.8,5.3,56.4,3,2,2,2,100.0,3
40.2,44.3,19.3,43.3,1,2,3,2,71.3,2
26.8,65.0,11.8,28.0,1,2,2,3,39.3,1
35.3,83.1,20.0,43.0,1,2,2,2,62.6,2
32.0,85.0,9.0,39.5,1,1,1,3,48.5,1
32.1,74.5,33.9,33.2,1,2,1,2,39.1,1
44.7,39.9,3.6,52.4,3,1,3,2,93.7,3
31.0,94.9,10.4,39.0,2,1,3,1,58.3,1
46.3,19.9,33.4,44.3,1,1,2,2,66.0,2
33.7,44.0,12.5,34.8,1,2,2,2,47.6,1
36.5,89.1,33.4,43.9,1,3,1,2,63.7,2
27.4,49.2,3.2,28.7,2,2,2,2,45.4,1
41.7,29.6,14.9,42.7,1,1,1,1,44.2,1
24.0,81.3,22.6,23.6,3,2,3,1,49.7,1
27.4,20.8,2.8,25.4,1,1,2,2,19.7,0
43.5,26.8,4.5,46.4,1,3,3,2,83.2,3
44.9,76.9,20.9,56.9,1,2,3,1,90.9,3
45.8,70.0,26.9,57.8,2,1,1,2,85.1,3
18.8,42.7,32.7,16.8,1,1,2,2,6.8,0
37.7,77.1,18.5,46.6,1,1,2,2,68.4,2
40.1,20.3,20.6,38.1,2,2,1,2,53.9,1
42.6,29.4,33.6,40.6,3,1,2,1,63.0,2
33.3,83.8,24.4,38.7,1,3,3,2,71.6,2
30.5,49.4,13.0,31.1,1,1,1,2,31.7,0
47.6,25.9,26.7,47.7,2,1,2,2,73.6,2
40.5,44.2,26.5,42.3,1,1,1,1,50.2,1
47.2,59.9,18.7,59.2,1,1,3,3,100.0,3
32.5,46.4,10.5,33.9,2,2,1,2,46.7,1
40.7,74.0,2.6,52.7,1,1,2,2,77.1,2
37.7,81.4,21.5,47.0,1,1,1,3,64.0,2
40.6,36.8,24.1,41.1,3,2,1,1,62.3,2
45.3,52.3,7.6,56.5,1,1,1,2,77.2,2
35.2,33.5,5.5,36.4,1,1,3,3,58.8,1
25.7,46.6,24.4,23.7,2,1,3,2,37.4,1
38.2,53.9,8.9,44.3,1,1,1,2,53.7,1
29.8,73.4,27.3,30.6,3,2,1,1,44.7,1
34.7,58.5,8.4,39.7,2,1,2,2,61.8,2
38.4,61.9,11.3,46.0,1,2,2,1,60.0,1
18.5,46.7,27.5,16.5,1,3,1,2,11.4,0
46.4,89.8,9.2,58.4,2,1,2,2,94.1,3
31.8,27.0,29.5,29.8,2,1,1,2,33.9,0
44.4,56.2,26.9,52.3,1,1,2,3,82.1,3
25.2,44.3,26.4,23.2,3,1,2,2,36.5,1
42.2,81.9,31.0,54.2,1,3,1,2,83.5,3
42.3,54.1,25.8,48.1,2,1,2,2,76.0,2
31.9,37.0,21.4,29.9,2,2,2,2,45.4,1
36.1,44.2,28.1,35.3,3,1,2,2,58.3,1
45.9,68.1,27.5,57.9,1,1,1,3,81.1,3
34.2,82.9,21.2,40.7,3,2,2,2,77.8,2
47.0,40.1,22.6,52.6,1,1,2,2,76.7,2
22.8,23.3,24.6,20.8,2,2,2,3,34.9,0
45.7,62.1,14.8,57.7,2,1,2,2,89.1,3
20.1,17.6,19.8,18.1,1,3,3,2,32.3,0
22.4,41.2,17.7,20.4,1,3,2,1,22.8,0
41.1,82.2,7.5,53.1,2,2,2,2,86.8,3
25.7,91.4,21.2,27.5,2,1,2,2,39.8,1
39.6,42.8,35.0,39.0,2,3,1,2,66.9,2
24.4,86.9,8.7,27.4,2,1,2,2,38.6,1
32.8,24.9,26.8,30.799999999999997,3,1,2,3,55.8,1
18.1,74.7,11.0,17.1,2,1,1,2,13.5,0
43.8,24.8,26.0,42.1,1,2,2,3,63.1,2
33.7,27.9,26.2,31.700000000000003,2,3,2,2,56.9,1
31.6,31.5,10.8,30.3,3,2,2,2,59.1,1
21.4,83.2,32.4,19.4,2,1,2,2,26.5,0
44.3,94.3,16.7,56.3,3,2,3,3,100.0,3
47.0,34.5,24.0,50.4,3,3,3,2,99.7,3
47.2,74.6,6.7,59.2,2,2,2,2,98.9,3
27.7,72.2,2.1,32.1,2,1,3,2,52.4,1
25.7,92.0,7.2,30.3,1,2,1,1,30.2,0
29.9,54.5,13.6,30.8,2,3,2,3,58.5,1
44.4,61.1,25.3,54.1,2,1,2,2,83.8,3
41.9,38.7,35.0,41.5,2,2,2,1,65.6,2
26.8,55.9,22.8,24.8,2,2,2,1,36.4,1
31.2,26.5,13.5,29.2,1,1,2,3,33.5,0
35.2,40.5,12.2,36.4,2,3,1,2,59.3,1
32.0,86.3,7.2,40.1,2,2,2,1,58.6,1
38.8,23.6,25.4,36.8,2,1,3,2,62.6,2
39.0,84.7,17.6,51.0,1,1,2,2,72.2,2
42.5,72.0,14.7,54.5,2,3,1,1,86.0,3
26.3,65.2,23.5,25.1,2,1,2,2,36.3,1
24.7,28.3,33.9,22.7,2,3,2,2,37.0,1
25.2,92.4,3.1,30.3,1,1,1,2,31.1,0
42.2,83.6,27.0,54.2,3,2,1,2,90.4,3
27.5,17.4,2.4,25.5,2,2,3,1,43.3,1
46.9,27.5,33.2,46.0,1,1,2,2,62.1,2
23.7,89.3,21.4,24.2,3,3,2,2,52.4,1
23.2,89.7,20.5,23.6,2,3,1,2,38.6,1
28.0,42.7,14.1,26.6,2,2,2,2,42.3,1
38.8,44.1,30.6,38.9,1,3,1,2,61.0,2
31.6,30.8,27.3,29.6,1,3,2,1,42.7,1
20.0,94.5,16.0,20.2,1,1,1,2,5.9,0
20.3,26.9,25.1,18.3,3,2,1,3,34.8,0
21.8,69.0,10.6,21.7,3,1,2,2,34.8,0
26.1,70.3,7.5,28.5,2,1,2,2,38.9,1
41.2,59.4,31.0,46.5,2,1,2,3,72.3,2
43.9,73.2,26.2,55.9,1,1,2,1,73.8,2
40.6,63.1,2.3,51.9,1,3,1,2,73.8,2
27.9,67.4,34.6,25.9,1,1,1,2,16.4,0
39.4,17.0,34.8,37.4,2,2,2,3,62.2,2
39.3,42.3,23.2,40.7,2,2,3,2,79.8,2
19.1,29.8,5.5,17.1,1,1,2,2,10.2,0
22.1,65.9,7.3,22.4,3,1,2,2,36.4,1
30.7,35.7,18.7,28.7,1,2,2,2,38.9,1
22.8,51.6,28.7,20.8,2,3,2,2,35.1,0
45.0,73.0,21.8,57.0,3,1,3,1,100.0,3
43.3,74.6,14.2,55.3,3,1,2,3,100.0,3
40.8,46.3,18.2,45.0,3,2,1,1,74.1,2
43.5,39.3,32.6,44.6,2,2,1,1,61.4,2
26.1,18.2,14.7,24.1,3,2,2,2,45.3,1
21.8,33.1,17.6,19.8,1,1,2,3,19.0,0
45.5,45.8,5.1,55.3,1,1,1,3,74.0,2
41.4,54.2,12.6,49.1,1,2,1,2,70.6,2
33.1,61.1,12.3,36.9,3,2,1,2,65.3,2
38.3,52.9,19.5,42.2,2,3,1,1,61.4,2
31.0,45.6,14.6,30.9,1,1,3,2,44.0,1
38.7,26.1,15.7,37.5,1,3,2,2,61.3,2
25.6,57.6,22.2,23.6,2,2,1,2,33.8,0
42.6,77.3,3.1,54.6,3,2,3,3,100.0,3
44.8,16.4,30.4,42.8,2,2,1,1,57.2,1
18.5,74.9,23.8,16.5,2,1,1,2,15.1,0
24.4,22.6,31.0,22.4,2,2,2,1,30.2,0
40.1,24.9,19.4,38.4,3,2,3,3,88.7,3
37.1,86.1,15.9,47.9,2,2,2,2,80.4,2
45.8,21.4,30.8,43.8,1,2,2,2,65.1,2
32.0,59.6,15.0,34.4,2,2,2,2,56.5,1
37.3,30.1,32.8,35.3,3,1,1,2,48.1,1
46.2,25.4,10.7,48.6,1,2,2,2,71.2,2
31.4,42.1,7.4,32.3,1,3,2,2,50.3,1
20.8,89.9,11.3,21.9,1,3,1,2,20.8,0
29.9,76.3,18.1,33.0,3,3,1,2,59.4,1
40.7,78.7,11.4,52.7,1,2,2,2,78.2,2
33.1,62.5,16.8,36.2,2,3,2,3,68.9,2
42.9,69.6,7.9,54.9,1,1,2,1,75.6,2
30.2,83.2,25.5,33.0,2,1,3,2,53.6,1
47.6,66.6,19.3,59.6,2,2,2,2,97.2,3
40.4,21.3,9.4,39.8,2,2,1,2,59.8,1
47.3,61.9,25.2,59.3,1,2,1,2,85.8,3
46.8,19.1,22.4,45.0,2,1,2,1,67.1,2
38.2,55.4,27.8,41.0,1,3,1,3,68.2,2
38.4,60.6,25.4,42.9,2,2,3,2,76.0,2
18.6,59.0,23.3,16.6,1,1,2,1,6.0,0
35.9,46.6,12.6,38.5,1,1,1,2,38.5,1
35.5,75.4,3.4,45.2,2,1,2,2,69.4,2
33.3,15.1,10.8,31.299999999999997,3,2,2,1,52.9,1
22.7,29.0,30.3,20.7,3,1,3,2,42.4,1
39.1,25.3,11.8,38.7,2,3,3,2,75.6,2
31.7,61.9,7.1,35.8,1,1,1,3,43.7,1
27.8,90.6,17.3,31.6,2,2,2,2,56.2,1
45.1,78.0,6.3,57.1,2,2,2,2,99.9,3
18.3,71.7,21.5,16.3,2,1,2,2,18.0,0
36.9,69.9,8.0,45.7,2,3,2,3,90.2,3
32.4,36.1,15.0,31.3,3,3,2,2,63.8,2
38.1,53.0,28.2,40.2,3,2,2,2,76.0,2
29.0,48.9,23.7,27.0,1,3,1,1,31.9,0
40.7,45.9,34.6,41.5,3,1,1,2,59.3,1
44.7,54.2,12.6,55.1,1,3,2,2,90.0,3
37.8,29.1,24.7,35.8,2,1,2,2,54.5,1
38.4,90.2,8.1,50.4,1,1,2,2,69.5,2
24.1,47.4,32.8,22.1,1,2,1,3,21.0,0
26.9,32.8,30.6,24.9,1,1,2,3,30.3,0
29.8,94.4,9.2,37.0,1,2,1,1,44.2,1
19.6,69.3,14.8,17.9,1,2,3,3,27.8,0
42.3,82.7,3.8,54.3,1,3,1,2,79.9,2
44.8,30.6,32.8,44.0,2,2,3,2,76.3,2
36.1,44.2,7.3,39.4,3,3,2,2,75.8,2
31.2,52.5,4.0,34.3,1,2,2,2,45.8,1
32.2,93.9,24.9,38.2,3,1,2,3,67.6,2
23.5,80.8,17.8,23.7,1,1,1,2,18.7,0
42.8,32.0,6.2,46.6,2,1,3,2,79.5,2
40.7,82.5,11.5,52.7,1,1,2,2,76.0,2
47.7,57.1,7.7,59.7,2,1,2,2,94.2,3
31.1,94.0,14.0,38.3,2,1,1,2,50.1,1
44.5,70.3,12.7,56.5,2,1,3,2,100.0,3
41.0,58.8,30.7,46.1,1,3,2,2,74.7,2
22.3,83.3,19.4,21.9,2,1,3,2,37.0,1
27.0,90.5,15.5,30.6,2,3,2,2,52.7,1
38.3,40.7,17.0,40.0,1,2,1,1,54.5,1
46.5,73.1,3.6,58.5,2,3,2,2,100.0,3
27.3,89.8,13.6,31.4,1,2,2,2,42.0,1
18.0,87.4,20.3,16.0,2,1,2,3,21.7,0
25.8,55.0,4.6,26.9,1,2,2,2,32.5,0
29.5,65.7,14.8,31.5,1,3,1,3,47.0,1
31.3,74.5,15.5,35.5,1,3,2,3,63.3,2
38.8,88.6,7.6,50.8,1,3,1,1,75.2,2
32.5,31.5,31.2,30.5,2,1,1,2,37.2,1
18.3,87.7,2.1,20.0,2,2,1,2,25.5,0
45.3,60.1,7.4,57.3,1,1,2,2,85.3,3
18.5,57.6,26.5,16.5,1,1,2,2,8.9,0
26.9,93.2,9.7,31.9,2,1,2,2,43.4,1
27.0,74.8,24.5,27.0,1,2,1,1,24.4,0
21.4,65.5,19.7,19.4,3,1,2,2,26.2,0
25.3,60.2,8.0,26.1,2,1,2,2,38.1,1
37.2,21.3,9.3,35.8,1,1,1,3,46.5,1
36.6,89.2,26.9,45.4,3,1,1,2,72.5,2
38.1,82.9,9.3,50.1,2,3,1,2,84.7,3
18.4,37.9,26.4,16.4,2,1,2,2,16.0,0
27.7,60.4,20.9,27.0,1,3,1,1,25.4,0
21.1,25.8,22.1,19.1,1,3,1,3,19.8,0
30.2,33.9,14.3,28.2,2,3,1,3,46.2,1
35.6,58.3,20.8,38.7,3,1,1,2,63.3,2
35.8,88.3,19.3,45.1,2,2,1,2,65.9,2
41.3,77.9,34.5,50.8,2,3,1,2,81.5,3
32.1,32.6,23.2,30.1,2,1,2,2,44.7,1
35.1,54.9,28.7,35.7,3,3,2,2,72.4,2
38.6,38.4,34.9,36.6,2,1,1,2,51.5,1
39.9,92.7,26.4,51.9,2,1,2,2,79.2,2
23.5,91.0,15.4,25.2,1,2,1,2,27.4,0
38.1,74.0,16.0,47.2,1,1,1,2,57.9,1
43.2,91.6,33.2,55.2,2,1,2,2,86.3,3
43.4,59.2,24.1,51.9,3,2,1,2,84.8,3
39.4,76.2,24.8,48.5,3,1,2,2,81.9,3
33.6,84.6,33.2,37.6,1,1,2,1,41.3,1
20.5,30.2,3.5,18.5,2,1,1,1,10.8,0
25.3,51.0,2.9,26.1,3,1,3,3,56.1,1
24.7,60.5,28.9,22.7,2,1,3,2,36.0,1
32.2,53.4,2.1,36.2,3,2,2,3,72.7,2
33.9,57.5,3.1,39.3,2,2,2,3,64.2,2
33.5,24.9,16.6,31.5,1,1,1,2,31.9,0
46.0,53.0,14.3,56.8,3,2,2,2,100.0,3
26.7,79.9,12.5,29.5,2,2,3,2,51.4,1
37.8,43.3,2.4,42.7,1,1,3,2,61.1,2
34.4,17.1,19.8,32.4,1,1,2,2,34.6,0
32.5,38.4,13.9,32.0,2,1,2,1,40.6,1
26.6,44.6,28.0,24.6,2,3,1,2,36.7,1
30.2,16.1,24.1,28.2,2,2,1,2,35.7,0
31.1,33.5,11.4,29.9,2,1,2,1,38.2,1
19.2,81.3,13.1,18.6,1,3,2,1,19.7,0
44.2,60.7,24.5,53.8,3,1,2,2,92.1,3
25.3,50.0,13.5,24.0,2,3,3,3,56.4,1
37.7,31.9,9.2,38.7,1,1,1,2,41.4,1
41.1,88.3,5.2,53.1,1,2,1,1,69.4,2
37.3,29.7,11.0,37.4,2,2,2,2,58.8,1
30.0,34.8,22.0,28.0,2,2,1,2,40.3,1
18.5,71.1,30.8,16.5,2,3,2,2,27.1,0
32.9,28.3,12.4,31.1,1,2,1,2,37.7,1
46.4,31.9,18.4,49.6,1,2,3,3,87.9,3
47.1,91.7,32.1,59.1,1,3,1,2,90.1,3
38.4,59.0,14.0,44.8,1,1,1,2,56.5,1
47.9,44.6,9.6,58.3,1,1,2,1,77.1,2
29.8,76.6,7.3,34.9,2,3,1,2,57.1,1
40.4,61.7,12.2,49.3,1,1,1,2,57.0,1
21.6,87.3,23.5,20.4,1,1,2,3,21.2,0
19.1,37.2,14.6,17.1,3,1,3,2,28.3,0
28.0,82.9,10.7,32.2,1,1,1,3,37.3,1
38.5,55.0,22.9,42.4,2,2,2,2,71.8,2
37.8,82.1,28.3,46.0,1,1,2,2,62.2,2
19.3,62.6,18.0,17.3,2,1,1,2,12.4,0
29.8,41.0,7.4,30.0,3,3,2,1,58.4,1
42.0,37.5,24.3,43.4,1,1,2,2,58.5,1
21.7,43.2,11.3,19.7,1,1,1,1,5.0,0
42.5,49.4,7.0,50.8,1,2,3,3,88.4,3
18.3,68.4,11.0,16.9,1,3,1,1,10.8,0
32.4,15.5,15.3,30.4,2,2,2,2,52.4,1
38.9,50.1,17.5,42.9,1,1,1,2,45.9,1
23.5,64.5,18.1,22.1,3,2,1,2,35.4,0
22.6,47.8,16.8,20.6,3,1,1,3,32.3,0
28.1,55.5,18.8,27.4,1,2,1,2,31.4,0
31.7,38.5,24.6,29.7,3,1,2,1,43.4,1
20.2,48.4,13.4,18.2,3,1,3,2,37.3,1
25.8,80.2,33.8,24.0,1,2,1,2,20.1,0
44.9,66.7,8.9,56.9,1,1,1,3,79.6,2
21.2,51.0,2.5,20.9,1,1,1,2,8.6,0
24.6,31.0,23.6,22.6,2,2,3,1,38.8,1
26.4,80.4,7.2,30.1,2,2,3,3,60.0,1
24.7,57.3,24.9,22.7,3,2,1,1,32.0,0
44.6,86.5,20.6,56.6,2,1,2,2,90.8,3
20.6,40.4,28.5,18.6,1,1,2,2,14.1,0
29.4,19.8,15.1,27.4,3,1,3,1,45.4,1
22.3,84.0,18.3,22.2,2,1,3,3,43.0,1
47.8,26.7,33.6,47.0,2,2,3,2,87.9,3
28.1,91.4,6.1,34.3,1,1,1,3,42.3,1
32.9,67.1,15.0,37.0,2,3,1,2,54.8,1
36.4,66.4,8.1,44.1,3,2,2,2,82.7,3
34.6,76.0,20.4,40.4,3,3,1,1,68.1,2
46.6,52.7,8.5,58.6,2,3,1,2,98.2,3
36.6,63.2,33.5,38.8,1,1,3,2,56.9,1
29.7,46.8,3.3,31.5,1,1,2,2,35.3,0
44.8,50.9,19.3,52.9,2,2,1,2,86.4,3
31.9,57.6,31.4,30.7,3,1,2,2,52.7,1
38.4,92.1,12.8,50.4,1,1,2,2,72.4,2
34.5,91.1,31.5,40.8,2,3,1,2,63.5,2
27.3,63.0,17.0,27.5,1,1,2,3,34.0,0
23.2,93.6,26.9,22.7,1,1,2,2,18.2,0
47.3,67.0,23.4,59.3,1,3,2,2,98.7,3
28.8,16.1,26.5,26.8,2,3,2,1,43.9,1
22.3,65.4,4.6,23.2,1,1,2,2,23.9,0
26.5,31.8,5.6,25.0,2,2,2,2,39.4,1
30.2,22.3,22.4,28.2,1,3,1,1,31.1,0
43.5,49.8,34.5,47.3,3,1,2,2,84.9,3
21.9,45.9,29.7,19.9,1,1,1,1,5.0,0
34.5,27.5,5.5,34.4,1,1,2,2,39.6,1
45.6,35.0,13.0,50.4,1,2,2,1,70.2,2
20.2,86.7,2.4,22.5,3,2,1,2,35.6,0
28.7,79.2,34.9,28.2,1,1,2,2,28.6,0
28.8,36.1,9.9,27.6,3,1,1,3,39.1,1
32.4,22.8,15.1,30.4,1,1,1,2,26.6,0
47.0,44.3,16.7,55.2,2,1,1,1,72.1,2
23.7,25.3,18.4,21.7,2,3,3,2,46.2,1
41.8,76.5,7.4,53.8,3,1,2,3,93.5,3
45.7,62.6,25.6,57.2,2,2,3,1,94.7,3
47.1,40.4,33.6,50.7,1,1,2,1,64.7,2
27.4,44.1,12.1,26.3,2,1,3,3,51.3,1
31.3,88.8,17.5,37.2,3,2,1,3,69.1,2
35.9,39.8,33.1,33.9,2,2,2,3,59.6,1
23.8,15.6,6.0,21.8,3,1,2,3,40.4,1
21.1,67.0,3.2,22.0,1,1,1,2,12.5,0
20.7,91.2,22.8,19.6,2,1,1,2,14.5,0
28.7,82.1,10.6,33.3,1,2,2,3,53.6,1
45.9,87.9,11.6,57.9,1,1,1,3,77.5,2
22.5,38.3,6.1,20.7,3,1,2,1,29.6,0
46.8,71.6,29.8,58.8,3,1,3,2,100.0,3
31.1,37.0,26.8,29.1,1,1,3,2,41.4,1
44.8,85.6,6.2,56.8,1,1,3,2,91.7,3
46.5,62.8,13.5,58.5,2,1,1,2,86.9,3
38.7,46.3,6.8,43.8,3,1,2,2,74.6,2
46.4,75.2,10.9,58.4,2,1,1,2,83.9,3
42.6,23.3,24.8,40.6,1,3,3,1,67.3,2
37.2,74.4,28.1,43.3,2,2,1,2,68.2,2
36.0,69.7,23.1,41.1,2,2,2,2,67.6,2
34.7,76.3,9.5,42.7,1,1,2,2,55.6,1
47.0,66.1,18.1,59.0,3,1,1,2,99.5,3
43.7,52.5,16.3,52.0,2,1,2,2,80.8,2
28.8,81.9,14.0,32.7,1,2,3,2,52.0,1
47.5,78.6,9.1,59.5,1,3,1,2,91.1,3
29.9,60.8,16.8,31.1,2,2,1,2,40.5,1
46.1,17.6,13.6,45.3,3,1,1,2,74.0,2
39.9,46.2,18.7,43.4,1,1,3,2,66.3,2
30.8,65.8,5.0,35.4,1,1,3,2,49.0,1
45.7,65.9,32.7,56.8,1,2,2,3,90.6,3
34.0,73.9,23.7,38.3,1,2,1,1,40.6,1
46.8,80.7,17.2,58.8,2,2,3,1,100.0,3
25.2,21.5,12.9,23.2,2,1,1,2,21.0,0
43.0,56.5,13.4,52.4,2,1,2,2,79.9,2
25.8,30.2,28.1,23.8,2,2,1,2,23.5,0
37.5,33.6,18.2,37.1,1,3,1,3,56.3,1
25.6,17.8,21.6,23.6,3,1,1,2,30.7,0
20.0,71.7,11.5,19.3,1,3,2,3,35.5,0
41.8,33.1,30.7,40.7,2,3,3,2,84.6,3
28.8,82.9,24.6,30.8,2,2,3,2,53.1,1
23.5,31.9,21.3,21.5,2,1,2,1,23.6,0
46.8,77.8,4.4,58.8,2,1,1,1,82.2,3
37.7,19.1,3.0,37.2,1,1,2,1,40.9,1
44.1,47.4,21.0,50.3,3,3,3,2,100.0,3
22.2,73.3,8.0,23.1,3,3,2,2,48.1,1
33.7,40.7,25.2,31.8,3,1,2,2,51.3,1
42.9,23.4,17.8,42.0,3,3,2,2,82.4,3
33.6,53.4,7.6,37.3,1,3,2,3,62.4,2
37.5,56.3,22.4,41.1,3,1,1,1,57.1,1
25.0,89.0,29.8,24.5,1,2,2,2,30.7,0
23.9,66.0,34.5,21.9,2,2,1,1,18.1,0
24.7,31.7,4.0,23.2,1,1,1,3,19.1,0
43.7,85.6,2.5,55.7,1,1,1,2,73.4,2
33.2,25.4,8.7,31.8,1,2,2,2,46.0,1
23.4,67.2,9.7,23.9,3,1,3,2,46.2,1
34.0,54.4,21.5,35.3,2,1,1,2,42.4,1
47.8,49.1,11.7,59.3,1,3,3,2,100.0,3
19.0,76.7,14.6,17.7,2,3,1,3,28.9,0
45.2,22.2,20.9,44.2,3,2,2,3,84.5,3
47.7,62.2,13.1,59.7,1,2,2,2,94.1,3
19.7,54.0,22.6,17.7,3,1,3,2,32.8,0
36.9,31.9,15.7,36.4,3,2,3,3,77.8,2
33.5,18.6,6.7,31.5,1,1,1,3,39.8,1
27.0,38.9,20.4,25.0,3,1,1,2,31.8,0
46.4,81.8,21.0,58.4,2,1,3,2,100.0,3
45.5,50.3,23.0,53.3,1,3,3,3,99.5,3
28.4,58.9,23.8,27.3,2,3,1,3,46.1,1
27.6,88.6,19.7,30.5,2,2,2,3,49.1,1
46.0,36.0,12.6,51.5,1,2,3,2,84.2,3
39.6,77.4,29.2,48.3,2,1,1,3,72.2,2
37.1,87.3,34.1,44.6,3,3,2,2,93.6,3
41.9,37.4,20.6,43.9,1,1,1,2,50.0,1
38.4,17.8,34.4,36.4,1,3,3,1,62.9,2
44.2,42.9,22.8,48.7,1,2,1,1,61.1,2
46.6,43.7,19.1,53.8,1,1,1,2,73.8,2
18.7,72.1,10.4,17.8,1,2,1,2,8.8,0
42.3,43.1,13.9,47.4,1,3,2,2,83.2,3
43.8,46.7,6.4,52.4,2,1,3,2,87.8,3
40.2,22.1,18.7,38.2,1,3,2,2,57.2,1
23.3,67.6,4.0,24.9,2,1,1,1,20.6,0
18.6,84.4,32.7,16.6,1,1,1,2,5.0,0
26.2,91.0,18.0,28.9,2,2,1,1,34.2,0
36.8,70.3,31.5,41.0,2,1,1,2,49.8,1
30.1,19.6,14.0,28.1,3,1,2,3,50.6,1
26.5,75.9,23.2,26.6,2,2,1,2,37.8,1
46.2,58.4,8.1,58.2,3,1,1,2,93.5,3
21.8,90.3,24.5,20.8,1,1,2,3,24.7,0
22.7,61.3,26.7,20.7,1,2,2,2,26.2,0
45.3,61.0,12.1,57.3,3,2,1,2,92.0,3
40.8,58.6,31.6,45.5,1,3,2,2,72.5,2
42.0,54.5,2.6,52.2,3,2,2,2,99.5,3
38.2,53.2,28.5,40.4,3,1,1,2,60.4,1
22.4,23.9,5.3,20.4,2,1,1,2,19.1,0
31.4,50.3,28.6,29.4,2,2,2,1,39.0,1
36.0,86.5,7.4,47.5,3,1,2,2,79.0,2
24.3,50.9,30.5,22.3,2,3,1,2,28.4,0
27.6,24.3,22.7,25.6,3,1,2,2,44.0,1
40.0,67.2,29.2,46.6,2,1,1,2,58.4,1
45.5,94.5,11.0,57.5,1,1,3,3,97.3,3
19.7,92.5,34.9,17.7,2,2,1,3,23.4,0
37.2,77.7,24.8,44.6,3,1,3,1,79.9,2
29.7,65.4,18.2,31.1,3,1,2,2,50.4,1
38.1,52.9,33.1,39.2,3,2,1,3,72.1,2
38.7,92.7,2.1,50.7,3,1,3,3,100.0,3
38.6,27.8,32.6,36.6,2,2,2,2,58.2,1
32.2,60.7,24.2,33.1,3,1,3,2,67.0,2
43.9,73.8,23.3,55.9,2,1,1,3,85.9,3
42.3,58.2,28.0,48.8,1,1,2,2,64.0,2
41.1,92.0,28.5,53.1,1,2,1,3,78.3,2
36.1,46.8,5.4,40.2,1,1,3,2,57.6,1
32.7,48.6,11.5,34.4,3,2,1,3,61.3,2
30.8,41.7,30.2,28.8,2,3,1,1,41.9,1
20.2,49.2,17.7,18.2,1,2,1,1,6.9,0
38.1,16.7,4.1,37.0,1,3,1,2,52.9,1
41.1,39.0,7.9,45.6,3,2,2,2,83.9,3
26.4,37.5,20.2,24.4,1,1,2,2,22.6,0
37.3,29.0,30.0,35.3,2,1,1,3,48.3,1
34.3,59.3,34.8,34.1,3,1,3,2,64.8,2
22.4,79.8,29.3,20.4,2,3,3,3,48.9,1
36.1,45.8,16.3,37.9,2,2,1,2,59.0,1
34.7,31.6,17.9,33.0,3,2,3,2,65.9,2
22.8,55.1,14.7,21.0,2,1,1,2,18.5,0
25.3,80.3,26.1,24.7,3,1,1,2,32.2,0
47.9,61.0,28.9,59.9,2,1,3,2,100.0,3
36.5,26.7,30.4,34.5,2,1,2,2,52.2,1
38.7,26.5,33.5,36.7,2,2,2,3,64.1,2
33.8,81.6,30.4,38.0,1,1,2,2,42.9,1
23.0,54.0,10.5,22.0,2,1,2,1,24.6,0
44.2,77.7,21.7,56.2,3,3,1,1,97.0,3
40.5,23.0,12.5,39.8,1,2,1,1,46.2,1
44.9,51.8,5.4,56.1,1,2,3,2,93.7,3
38.7,51.5,34.6,39.6,1,1,2,1,44.6,1
28.7,17.4,21.2,26.7,1,3,2,1,33.4,0
21.4,40.9,12.0,19.4,1,3,3,1,28.7,0
19.4,70.8,4.2,19.8,2,1,2,1,19.1,0
46.5,43.8,33.4,50.9,3,3,1,3,96.2,3
47.9,93.0,9.0,59.9,1,3,2,2,95.7,3
19.3,82.3,30.9,17.3,1,3,1,1,13.3,0
47.4,64.3,7.2,59.4,3,3,2,2,100.0,3
47.5,48.3,8.9,59.0,1,1,2,2,84.5,3
37.5,83.4,34.2,44.5,1,1,2,3,65.6,2
42.9,21.7,29.4,40.9,2,1,2,3,65.7,2
27.5,34.4,4.3,26.8,1,3,2,3,45.7,1
46.9,80.0,15.4,58.9,3,1,2,2,100.0,3
26.2,89.2,27.0,26.9,3,2,2,3,51.3,1
25.7,55.2,31.4,23.7,1,1,1,3,21.3,0
43.9,75.6,14.8,55.9,3,2,2,2,100.0,3
21.3,73.3,18.2,19.9,3,3,2,1,38.6,1
21.5,59.9,29.3,19.5,1,1,3,1,15.5,0
20.3,54.9,27.9,18.3,1,3,1,1,9.4,0
43.5,41.1,3.5,50.8,1,1,3,3,83.2,3
26.4,26.0,34.1,24.4,1,1,2,2,26.6,0
39.0,82.8,4.1,51.0,3,1,2,2,87.8,3
47.4,85.6,15.6,59.4,1,2,3,1,95.1,3
39.8,68.2,5.8,51.0,1,3,1,3,82.1,3
37.8,21.3,23.6,35.8,1,2,3,2,55.2,1
38.2,33.1,26.7,36.3,2,1,2,2,55.1,1
27.4,24.7,17.1,25.4,1,1,2,2,29.5,0
31.7,75.6,5.7,38.2,2,3,1,2,63.6,2
32.2,35.0,18.7,30.200000000000003,3,1,2,2,47.4,1
42.0,49.7,18.1,47.9,2,2,1,3,79.1,2
34.6,33.6,21.3,32.6,1,1,3,2,46.7,1
31.6,29.1,14.0,29.6,2,1,2,3,47.8,1
45.3,37.4,24.7,48.5,3,2,1,2,85.1,3
42.3,79.7,24.7,54.3,2,2,2,3,97.3,3
47.7,58.2,5.0,59.7,2,1,2,2,96.7,3
20.9,16.2,20.5,18.9,1,1,3,1,16.3,0
20.1,47.3,23.4,18.1,2,2,1,2,24.2,0
45.8,64.5,31.2,56.9,2,1,1,3,90.1,3
40.6,49.8,15.6,46.0,3,1,3,2,89.0,3
40.4,45.9,34.6,41.0,1,1,3,2,56.0,1
32.6,89.1,28.7,37.4,2,1,3,2,64.6,2
45.4,46.0,10.9,54.1,2,2,3,3,95.4,3
42.7,87.5,30.4,54.7,2,1,3,3,96.7,3
21.5,19.5,3.7,19.5,1,1,2,2,13.1,0
47.8,92.4,9.9,59.8,2,3,2,3,100.0,3
19.9,71.1,12.3,18.9,2,1,2,2,19.6,0
43.6,65.3,31.3,52.6,1,2,3,2,84.2,3
26.5,52.4,22.1,24.5,1,3,1,2,31.9,0
25.3,36.0,2.5,24.6,2,2,1,3,33.7,0
47.9,15.4,33.2,45.9,1,3,2,3,80.3,2
21.5,64.9,32.6,19.5,1,1,1,2,5.0,0
34.3,29.4,12.1,33.2,1,2,2,2,44.2,1
31.3,42.6,9.4,31.9,1,2,3,2,49.0,1
19.7,30.1,7.2,17.7,2,1,2,2,21.6,0
38.2,93.4,13.4,50.2,2,1,3,2,83.1,3
37.1,22.0,2.8,37.1,2,3,1,1,49.6,1
39.4,81.0,18.3,50.9,2,1,1,3,79.6,2
36.1,82.0,9.1,46.4,2,1,2,1,67.2,2
41.2,59.9,31.5,46.5,2,1,2,3,77.2,2
22.5,44.6,30.1,20.5,2,1,1,2,20.6,0
30.3,18.6,4.7,28.3,1,3,1,2,33.9,0
20.6,66.6,19.7,18.6,3,2,3,2,40.7,1
26.6,30.2,11.8,24.6,3,1,2,1,33.5,0
27.5,92.5,34.2,28.0,1,3,2,1,40.8,1
19.0,58.4,12.5,17.0,1,1,2,2,11.3,0
31.4,59.0,17.8,32.9,2,1,3,2,53.3,1
21.9,15.6,7.1,19.9,3,1,1,2,23.2,0
37.8,45.9,27.4,38.4,1,2,2,1,48.4,1
18.5,15.5,27.7,16.5,1,3,3,3,31.4,0
19.2,55.0,7.0,17.9,1,1,1,2,5.7,0
36.2,91.2,8.7,48.2,2,1,3,2,76.6,2
41.2,93.1,6.9,53.2,1,3,2,1,81.5,3
36.3,94.5,19.9,47.2,1,1,2,2,67.7,2
29.9,23.3,20.6,27.9,2,3,2,3,57.1,1
43.2,47.3,19.4,49.0,3,1,2,1,73.4,2
29.6,16.1,27.6,27.6,3,3,2,3,65.1,2
19.9,87.6,18.0,19.1,1,2,1,1,6.8,0
33.1,16.9,20.0,31.1,1,1,1,2,26.4,0
21.0,63.9,27.9,19.0,3,1,1,1,19.4,0
34.8,15.4,20.0,32.8,3,3,1,3,65.3,2
47.6,59.1,3.5,59.6,3,3,3,2,100.0,3
41.9,58.1,32.3,47.2,2,2,1,1,69.0,2
21.0,20.6,34.9,19.0,2,1,2,2,21.2,0
37.2,85.7,17.7,47.6,2,1,1,2,68.4,2
34.7,82.3,9.0,43.9,2,3,2,2,80.3,2
21.2,48.5,30.9,19.2,2,1,1,3,19.3,0
28.0,91.4,18.1,31.8,3,1,2,2,52.4,1
23.0,92.6,29.7,21.8,2,1,1,2,17.8,0
36.1,92.2,10.3,48.1,1,1,3,1,68.9,2
28.6,84.1,17.8,32.0,2,1,1,1,37.7,1
45.3,56.7,25.6,54.5,2,3,2,2,95.3,3
29.6,24.3,22.3,27.6,2,2,3,2,51.1,1
21.8,87.2,23.9,20.6,1,1,2,2,13.4,0
35.2,19.4,17.3,33.2,1,2,2,2,46.3,1
31.0,16.9,12.4,29.0,2,1,2,2,41.4,1
30.2,58.0,9.2,32.6,1,1,1,2,30.4,0
40.5,57.0,6.5,49.4,1,3,2,2,77.7,2
44.8,93.6,4.0,56.8,1,1,1,2,76.4,2
34.8,40.0,18.2,34.6,3,2,3,2,68.5,2
36.8,15.3,15.2,34.8,1,1,3,2,50.8,1
26.6,46.2,29.3,24.6,2,1,1,2,20.4,0
18.2,62.8,16.2,16.2,1,2,3,2,19.8,0
46.3,89.8,10.2,58.3,1,1,2,2,81.6,3
44.1,73.2,30.5,56.1,2,1,3,3,100.0,3
27.4,80.7,6.3,31.9,2,2,2,3,54.2,1
19.7,76.9,8.5,19.9,1,3,1,2,16.1,0
30.0,85.9,3.5,37.3,2,2,2,2,64.9,2
42.4,22.5,24.1,40.4,1,2,1,3,53.6,1
30.2,29.1,34.3,28.2,3,3,1,2,49.5,1
38.1,42.1,32.3,37.0,2,3,1,2,58.2,1
23.8,54.9,18.2,21.8,3,1,3,1,33.0,0
44.3,30.4,29.7,43.8,3,2,2,2,80.2,2
36.0,87.0,18.3,45.4,1,3,1,2,68.4,2
27.7,92.0,33.8,28.4,2,3,1,2,44.7,1
42.2,22.9,32.5,40.2,1,1,3,2,60.3,1
46.8,51.6,11.2,58.4,2,1,1,2,85.4,3
22.4,71.2,13.4,22.1,2,1,3,2,33.1,0
39.2,38.6,30.3,38.3,2,1,1,2,47.9,1
29.8,36.9,22.5,27.8,1,3,2,2,40.5,1
34.9,15.8,16.9,32.9,3,2,1,1,47.0,1
35.2,59.7,11.6,40.1,1,2,2,2,56.4,1
21.6,55.2,16.0,19.6,2,3,2,2,36.2,1
47.0,84.3,7.9,59.0,2,1,1,2,83.8,3
28.8,82.9,19.5,31.8,1,1,3,3,47.6,1
28.5,24.4,6.9,26.5,2,1,3,2,41.7,1
18.8,76.8,15.7,17.2,2,1,2,2,15.8,0
36.3,38.4,12.6,37.5,2,2,2,2,60.9,1
32.2,94.7,26.0,38.1,1,2,1,1,42.6,1
20.1,46.5,23.0,18.1,1,2,1,2,12.0,0
33.2,32.4,17.3,31.3,3,1,1,3,43.2,1
31.3,64.7,33.3,30.5,2,2,3,2,56.1,1
23.4,35.4,23.7,21.4,2,3,1,2,33.8,0
22.6,91.6,18.4,23.3,2,1,2,2,26.3,0
43.4,34.3,21.9,45.1,2,1,1,2,58.7,1
37.6,64.6,22.5,43.0,3,1,2,1,65.6,2
26.0,84.3,28.6,25.8,2,1,2,2,33.8,0
47.2,86.2,7.1,59.2,1,3,2,1,88.3,3
21.1,63.3,21.1,19.1,1,3,2,3,33.7,0
42.9,94.5,33.6,54.9,1,1,1,3,79.7,2
35.2,76.9,4.4,44.7,2,2,3,2,82.6,3
29.5,20.1,29.5,27.5,2,3,1,2,44.9,1
42.1,77.9,7.7,54.1,2,1,2,2,88.5,3
44.6,80.7,24.1,56.6,2,3,1,1,90.4,3
27.8,56.0,23.5,26.1,3,2,1,2,42.5,1
18.1,87.0,31.3,16.1,3,1,2,1,16.3,0
45.2,69.7,25.4,57.2,3,1,2,2,97.3,3
41.2,29.3,32.1,39.2,2,1,1,1,47.3,1
25.8,78.5,19.8,26.5,1,2,2,2,32.3,0
23.8,22.8,30.4,21.8,1,2,1,2,20.8,0
29.3,36.6,34.0,27.3,2,3,2,2,51.3,1
37.0,68.5,20.2,43.2,1,2,3,3,75.6,2
37.9,82.5,16.9,48.5,3,2,2,2,86.2,3
37.4,19.7,24.2,35.4,3,1,1,3,58.8,1
20.7,57.5,16.9,18.7,3,1,2,2,23.6,0
42.9,44.9,16.2,48.4,3,2,3,2,94.0,3
47.1,72.6,3.8,59.1,1,1,1,1,69.9,2
47.6,46.4,14.3,57.5,2,2,2,2,94.4,3
45.8,44.0,17.1,52.9,1,1,2,2,71.5,2
